date,avg_daily_gas_used,distinct_block_number,distinct_miner,avg_block_size,avg_transacion_count,btc_price,btc_volume,eth_price,eth_volume,10_year_real_interest_rate,1_year_real_interest_rate,daily_gas_used_var
2021-08-06,15475710.36,6451,43,73362.35266,187.8811037,42816.5,38226483046,2890.94165,26528577879,-0.26101879,-3.20561303,115283548944502.75
2021-08-07,15502068.91,6549,46,69407.69812,182.9948084,44555.800781,40030862141,3157.23877,33081467129,-0.26101879,-3.20561303,116723327693936.9
2021-08-08,15473410.58,6496,50,72062.30773,182.3088054,43798.117188,36302664750,3013.732666,28433638008,-0.26101879,-3.20561303,117477513080688.61
2021-08-09,15474040.04,6505,48,74105.1342,187.3318985,46365.402344,38734079049,3167.856201,31983260936,-0.26101879,-3.20561303,111275697772963.23
2021-08-10,15482318.83,6507,47,77706.66037,186.3053635,45585.03125,33546019517,3141.691162,27605221710,-0.26101879,-3.20561303,115541318981620.25
2021-08-11,15471402.91,6401,47,74202.64318,192.846274,45593.636719,34319709073,3164.245117,26729035052,-0.26101879,-3.20561303,111126277286070.95
2021-08-12,15455957.89,6510,44,72469.66697,183.6072197,44428.289063,33723620826,3043.414307,25403699845,-0.26101879,-3.20561303,110696398023013.67
2021-08-13,15467603.8,6474,46,78084.39496,184.901143,47793.320313,31744259539,3322.21167,23868866254,-0.26101879,-3.20561303,111315657168869.05
2021-08-14,15465007.37,6500,48,78111.65123,178.4526154,47096.945313,31211354442,3265.443359,19860862133,-0.26101879,-3.20561303,114300065043115.11
2021-08-15,15479647.06,6420,48,74784.59065,175.279595,47047.003906,30988958446,3310.50415,22166205051,-0.26101879,-3.20561303,113469207127681.08
2021-08-16,15453207.21,6500,51,71481.68769,192.9181538,46004.484375,32776876610,3156.509521,23080039949,-0.26101879,-3.20561303,110963640431104.2
2021-08-17,15451322.94,6516,49,72395.18554,192.167434,44695.359375,33451362600,3014.845947,25509056745,-0.26101879,-3.20561303,109267625463240.84
2021-08-18,15448033.8,6399,49,68426.34537,187.7705892,44801.1875,32194123075,3020.089844,21539248425,-0.26101879,-3.20561303,107940390238963.97
2021-08-19,15431036.99,6565,48,68754.23839,191.2342727,46717.578125,37204312299,3182.702148,19546290360,-0.26101879,-3.20561303,105850780366486.28
2021-08-20,15473001.86,6459,44,67678.84022,195.0849977,49339.175781,34706867452,3286.935303,20885619828,-0.26101879,-3.20561303,111294834767471.48
2021-08-21,15511762.25,6431,46,71427.68263,184.537086,48905.492188,40585205312,3226.083984,18113977628,-0.26101879,-3.20561303,113837301891524.16
2021-08-22,15501043.63,6521,46,78148.8422,181.5508358,49321.652344,25370975378,3242.115479,15983278460,-0.26101879,-3.20561303,115042361009139.19
2021-08-23,15492001.91,6409,48,80990.53893,194.3554377,49546.148438,34305053719,3319.257324,20511110509,-0.26101879,-3.20561303,107384770613036.58
2021-08-24,15461334.48,6509,47,91843.77631,191.5887233,47706.117188,35361168834,3172.456299,20131028906,-0.26101879,-3.20561303,105669054751343.73
2021-08-25,15446098.71,6439,44,85143.6515,184.0006212,48960.789063,32646349931,3224.915283,18902728235,-0.26101879,-3.20561303,106713141163007.52
2021-08-26,15443876.86,6504,49,84562.64084,180.6677429,46942.21875,32666549568,3100.325439,17405668117,-0.26101879,-3.20561303,104558652632408.2
2021-08-27,15473780.41,6431,47,82066.29902,174.0121288,49058.667969,34511076995,3270.60083,18489602004,-0.26101879,-3.20561303,107118246779262.19
2021-08-28,15400742.88,6460,45,83726.05201,175.1890093,48902.402344,28568103401,3244.40332,13709633698,-0.26101879,-3.20561303,105948363220800.12
2021-08-29,15455142.87,6489,46,84515.89105,176.7837879,48829.832031,25889650240,3227.002686,13296586731,-0.26101879,-3.20561303,107528381502373.56
2021-08-30,15440393.93,6472,45,86918.12902,185.2584981,47054.984375,31847007016,3224.374268,19306924485,-0.26101879,-3.20561303,105333480189070.34
2021-08-31,15456822.88,6443,44,81212.41844,187.2286202,47166.6875,34730363427,3433.732666,27280502987,-0.26101879,-3.20561303,107885019908574.02
2021-09-01,15437179.9,6455,43,77894.39272,189.7914795,48847.027344,39139399125,3834.828125,30070890104,-0.19473087,-3.47182721,105449601239499.78
2021-09-02,15437935.61,6541,44,73326.21801,192.8234215,49327.722656,39508070319,3790.98999,24387397330,-0.19473087,-3.47182721,105456667422945.31
2021-09-03,15445228.4,6466,41,71968.51392,185.3969997,50025.375,43206179619,3940.614746,26207765094,-0.19473087,-3.47182721,105880172405435.22
2021-09-04,15476364.68,6429,43,74381.49168,184.9564473,49944.625,37471327794,3887.828369,20806963328,-0.19473087,-3.47182721,114983716907631.66
2021-09-05,15486846.1,6529,42,72251.1331,174.0644815,51753.410156,30322676319,3952.133545,18371468576,-0.19473087,-3.47182721,118230395692364.84
2021-09-06,15445777.13,6459,44,73325.06208,186.7925375,52633.535156,38884105426,3928.379395,18674691198,-0.19473087,-3.47182721,106221465402555.16
2021-09-07,15434118.82,6417,40,76559.36559,203.8446314,46811.128906,65210059683,3426.394287,39131346397,-0.19473087,-3.47182721,102307563025860.45
2021-09-08,15431229.42,6495,42,67791.95104,181.4394149,46091.390625,49007762488,3497.315186,31738430771,-0.19473087,-3.47182721,103418646591749.05
2021-09-09,15444308.95,6466,39,72831.36607,188.656047,46391.421875,38672657013,3427.340088,24118055831,-0.19473087,-3.47182721,106754885629103.75
2021-09-10,15431128.96,6459,42,72270.28673,192.7087784,44883.910156,39154666597,3211.505859,22355974097,-0.19473087,-3.47182721,104520210490988.66
2021-09-11,15452286.36,6396,43,76405.59897,195.3467792,45201.457031,34499835245,3270.278076,18627122934,-0.19473087,-3.47182721,108360309409348.4
2021-09-12,15461059.62,6538,44,80368.72729,185.2750076,46063.269531,27881980161,3410.134521,16810411424,-0.19473087,-3.47182721,110605817673479.06
2021-09-13,15452040.64,6412,45,76076.5719,197.6748284,44963.074219,40969943253,3285.511719,22721552948,-0.19473087,-3.47182721,107120562058014.11
2021-09-14,15445328.34,6461,39,78371.60393,190.564928,47092.492188,38652152880,3429.169678,19125420848,-0.19473087,-3.47182721,106449461774071.56
2021-09-15,15448562.19,6454,40,77512.04245,187.1072203,48176.347656,30484496466,3615.282715,17548551804,-0.19473087,-3.47182721,107060875355083.77
2021-09-16,15430014.93,6492,38,84901.41898,188.594886,47783.359375,31764293754,3571.294922,20093903064,-0.19473087,-3.47182721,102417495182273.14
2021-09-17,15447415.68,6467,40,79592.1486,183.6366167,47267.519531,28727713711,3398.538818,17722363229,-0.19473087,-3.47182721,107415046629770.25
2021-09-18,15437620.38,6451,39,77765.82964,177.2122152,48278.363281,28575630451,3432.018311,15995220233,-0.19473087,-3.47182721,106882059965496.72
2021-09-19,15470552.64,6508,42,82860.65596,173.3598648,47260.21875,26967722648,3329.447998,14257609743,-0.19473087,-3.47182721,109045317096383.78
2021-09-20,15437680.33,6432,41,86584.53576,182.6117848,42843.800781,43909845642,2958.993408,27371684581,-0.19473087,-3.47182721,101094283642979.94
2021-09-21,15409304.1,6496,42,84717.65856,183.6968904,40693.675781,48701090088,2764.431152,30405062665,-0.19473087,-3.47182721,100548748652558.95
2021-09-22,15437068.19,6437,42,84006.11543,182.3877583,43574.507813,38139709246,3077.86792,23742102645,-0.19473087,-3.47182721,100598007642802.3
2021-09-23,15410388.06,6411,44,82224.72142,186.094681,44895.097656,34244064430,3155.523682,18516291047,-0.19473087,-3.47182721,101946356924334.78
2021-09-24,15412689.54,6455,44,87100.43269,178.5724245,42839.75,42839345714,2931.669189,25595422789,-0.19473087,-3.47182721,100630641450298.34
2021-09-25,15431154.44,6573,42,82294.97216,170.5580405,42716.59375,31604717236,2925.565674,18932786754,-0.19473087,-3.47182721,103226263605559.08
2021-09-26,15421657.8,6402,44,85681.33505,170.0307716,43208.539063,30661222077,3062.265381,21172766310,-0.19473087,-3.47182721,101479237151796.36
2021-09-27,15442885.0,6454,45,86369.31438,175.6899597,42235.730469,30980029059,2934.138916,19164053681,-0.19473087,-3.47182721,102350838426299.11
2021-09-28,15432703.86,6358,47,89476.65602,174.2878264,41034.542969,30214940550,2807.296631,16895079070,-0.19473087,-3.47182721,103833416242595.42
2021-09-29,15443602.98,6412,44,87284.77604,177.1473799,41564.363281,30602359905,2853.143311,15763456158,-0.19473087,-3.47182721,104268082670677.11
2021-09-30,15455779.32,6338,43,82912.94367,176.1055538,43790.894531,31141681925,3001.678955,17661065099,-0.19473087,-3.47182721,104128225890821.36
2021-10-01,15411031.24,6485,42,81217.03978,186.1623747,48116.941406,42850641582,3307.516113,22307625573,0.08790114,-1.84043425,101575150370335.67
2021-10-02,15436415.44,6388,44,81231.26785,174.9998435,47711.488281,30614346492,3391.694336,19202671704,0.08790114,-1.84043425,102048301844654.81
2021-10-03,15441607.11,6363,41,90622.88339,177.624391,48199.953125,26638115879,3418.358643,15516566862,0.08790114,-1.84043425,103327691154557.81
2021-10-04,15476165.12,6366,40,90094.04147,176.1723217,49112.902344,33383173002,3380.089111,17747154101,0.08790114,-1.84043425,102328347437274.88
2021-10-05,15403117.6,6411,45,91693.41023,192.7427858,51514.8125,35873904236,3518.518555,16632591670,0.08790114,-1.84043425,103877941237909.42
2021-10-06,15440312.79,6427,40,86861.39225,208.1582387,55361.449219,49034730168,3580.562012,21855226591,0.08790114,-1.84043425,101536211565739.58
2021-10-07,15427646.33,6324,42,81743.51992,212.5703669,53805.984375,36807860413,3587.974854,19090322927,0.08790114,-1.84043425,103648371733806.08
2021-10-08,15440327.3,6417,45,81846.94811,200.5663082,53967.847656,34800873924,3563.759277,16222029488,0.08790114,-1.84043425,104420591778288.58
2021-10-09,15431243.61,6349,47,77828.60293,187.723421,54968.222656,32491211414,3575.716797,12707036942,0.08790114,-1.84043425,103984596540531.66
2021-10-10,15447152.58,6375,41,75463.78902,178.4942745,54771.578125,39527792364,3425.852783,16171746693,0.08790114,-1.84043425,105801274356836.61
2021-10-11,15462676.6,6382,44,77155.75212,185.441241,57484.789063,42637331698,3545.354004,18579189588,0.08790114,-1.84043425,105998561481086.73
2021-10-12,15431496.43,6353,44,78523.13521,189.4484496,56041.058594,41083758949,3492.573242,18109578443,0.08790114,-1.84043425,105470762609627.88
2021-10-13,15464146.38,6320,46,79415.49494,188.268038,57401.097656,41684252783,3606.20166,16211275589,0.08790114,-1.84043425,105785162396527.53
2021-10-14,15443076.98,6330,50,72693.93081,193.8541864,57321.523438,36615791366,3786.01416,19443499909,0.08790114,-1.84043425,103541486296168.08
2021-10-15,15441647.15,6318,48,77339.69626,206.2350427,61593.949219,51780081801,3862.634766,20966841512,0.08790114,-1.84043425,104037282493608.6
2021-10-16,15418117.75,6446,49,67969.62457,183.2192057,60892.179688,34250964237,3830.38208,16578095629,0.08790114,-1.84043425,103504694654478.53
2021-10-17,15445505.97,6385,52,70980.99233,179.1987471,61553.617188,29032367511,3847.104492,15908090346,0.08790114,-1.84043425,103960210241596.38
2021-10-18,15431087.77,6316,50,70434.70424,189.6252375,62026.078125,38055562075,3748.760254,17386204158,0.08790114,-1.84043425,103602741640238.58
2021-10-19,15435540.55,6440,49,70772.43059,193.090528,64261.992188,40471196346,3877.650879,15998757133,0.08790114,-1.84043425,103756239543610.14
2021-10-20,15451080.37,6354,48,70098.34435,198.2821845,65992.835938,40788955582,4155.992188,20338319988,0.08790114,-1.84043425,106447978107581.1
2021-10-21,15432773.4,6487,50,72322.8682,196.8976414,62210.171875,45908121370,4054.322754,28220661820,0.08790114,-1.84043425,104433739738141.28
2021-10-22,15451132.71,6411,52,73170.73982,195.9201373,60692.265625,38434082775,3970.181885,19432937968,0.08790114,-1.84043425,106616029807145.75
2021-10-23,15456892.93,6348,53,72291.79505,194.576087,61393.617188,26882546034,4171.663574,14781537792,0.08790114,-1.84043425,107242109433271.52
2021-10-24,15448285.75,6359,48,71576.06432,198.3506841,60930.835938,27316183882,4087.903076,14978083638,0.08790114,-1.84043425,105571017326830.4
2021-10-25,15451527.73,6418,47,71494.13898,202.4766282,63039.824219,31064911614,4217.876953,15995727040,0.08790114,-1.84043425,105376766084290.98
2021-10-26,15447768.18,6414,45,69812.71141,209.6619894,60363.792969,34878965587,4131.102051,17157714562,0.08790114,-1.84043425,104820415726401.95
2021-10-27,15442704.22,6345,48,69414.2435,215.9974783,58482.386719,43657076893,3930.257324,26219530404,0.08790114,-1.84043425,102268212677896.73
2021-10-28,15444230.6,6408,48,67421.64217,235.7212859,60622.136719,45257083247,4287.318848,25958154575,0.08790114,-1.84043425,103902104463866.22
2021-10-29,15444015.28,6368,46,64129.09689,228.6955088,62227.964844,36856881767,4414.746582,22967641914,0.08790114,-1.84043425,107942345473400.8
2021-10-30,15445580.85,6345,49,62412.12214,217.3514578,61888.832031,32157938616,4325.650391,14615490626,0.08790114,-1.84043425,106455628847028.14
2021-10-31,15442652.31,6317,49,63743.48757,206.4562292,61318.957031,32241199927,4288.074219,17498160238,0.08790114,-1.84043425,107151511290199.72
2021-11-01,15442668.1,6423,46,65442.14868,208.8950646,61004.40625,36150572843,4324.626953,17985288261,0.16399788,-2.60001778,108511005728611.31
2021-11-02,15437841.93,6308,47,65874.34496,221.2517438,63226.402344,37746665647,4584.798828,20794448222,0.16399788,-2.60001778,107082031501190.88
2021-11-03,15444899.94,6385,47,65289.97024,221.9610023,62970.046875,36124731509,4607.193848,21220463155,0.16399788,-2.60001778,106781898028382.3
2021-11-04,15429228.93,6282,49,64493.94699,215.2476918,61452.230469,32615846901,4537.324219,18415244464,0.16399788,-2.60001778,105800210030496.44
2021-11-05,15424568.06,6446,48,63036.3686,207.8282656,61125.675781,30605102446,4486.243164,15086003586,0.16399788,-2.60001778,105592151892882.52
2021-11-06,15429389.11,6339,46,62972.41458,198.1260451,61527.480469,29094934221,4521.581055,14429076700,0.16399788,-2.60001778,105181758726698.48
2021-11-07,15443228.02,6452,50,63395.81324,197.9228146,63326.988281,24726754302,4620.554688,13541376033,0.16399788,-2.60001778,105510395044412.86
2021-11-08,15449824.49,6346,49,63552.84857,209.4260952,67566.828125,41125608330,4812.087402,19290896267,0.16399788,-2.60001778,106407538515092.98
2021-11-09,15419570.85,6372,49,67095.69664,209.376177,66971.828125,42357991721,4735.068848,20834172627,0.16399788,-2.60001778,105396874024100.61
2021-11-10,15430811.09,6382,46,68128.94516,217.9169539,64995.230469,48730828378,4636.174316,22748160545,0.16399788,-2.60001778,102796655300729.6
2021-11-11,15429397.06,6373,45,64004.11753,211.4613212,64949.960938,35880633236,4730.384277,17933201129,0.16399788,-2.60001778,105123525166460.34
2021-11-12,15417186.68,6421,47,61834.19312,209.4893319,64155.941406,36084893887,4667.115234,18316060208,0.16399788,-2.60001778,102886920453272.36
2021-11-13,15402862.17,6326,49,64644.17847,205.5744546,64469.527344,30474228777,4651.460449,14457436261,0.16399788,-2.60001778,102353748055014.92
2021-11-14,15433484.19,6345,48,64874.47234,201.0628842,65466.839844,25122092191,4626.358887,12172962219,0.16399788,-2.60001778,107664990809098.94
2021-11-15,15417388.25,6319,49,68317.64409,204.0886216,63557.871094,30558763548,4557.503906,16275851299,0.16399788,-2.60001778,104962224074266.14
2021-11-16,15407178.13,6254,49,71564.42741,209.4904061,60161.246094,46844335592,4216.365234,27417502801,0.16399788,-2.60001778,103108753306753.08
2021-11-17,15411220.32,6390,49,70782.96463,211.7713615,60368.011719,39178392930,4287.59375,22183461850,0.16399788,-2.60001778,104529972644067.61
2021-11-18,15420283.28,6372,47,68397.07046,201.5458255,56942.136719,41388338699,4000.650879,21383250893,0.16399788,-2.60001778,105665180063681.5
2021-11-19,15414792.01,6232,45,69999.70315,201.5064185,58119.578125,38702407772,4298.306641,20626269711,0.16399788,-2.60001778,105002356304332.75
2021-11-20,15419807.1,6295,49,67221.01636,184.2935663,59697.195313,30624264863,4409.931152,15448261277,0.16399788,-2.60001778,106753369522652.39
2021-11-21,15434932.22,6287,47,72737.21552,200.5629076,58730.476563,26123447605,4269.73291,14094831413,0.16399788,-2.60001778,105071662593164.55
2021-11-22,15419429.77,6367,46,73137.44856,191.8498508,56289.289063,35036121783,4088.457764,19752218877,0.16399788,-2.60001778,105954457277016.67
2021-11-23,15405337.43,6339,45,72569.06957,199.5573434,57569.074219,37485803899,4340.763672,22133497059,0.16399788,-2.60001778,104187623366398.62
2021-11-24,15416719.19,6304,49,72979.33296,212.9585977,56280.425781,36635566789,4239.981445,21838037128,0.16399788,-2.60001778,103620010232265.03
2021-11-25,15416049.4,6303,48,69642.50246,206.5013486,57274.679688,34284016248,4274.743164,18705358318,0.16399788,-2.60001778,105841430258653.58
2021-11-26,15414545.45,6218,48,71696.70071,208.6722419,53569.765625,41810748221,4030.908936,26281795488,0.16399788,-2.60001778,101529011544608.1
2021-11-27,15428693.59,6386,47,70858.95709,189.9912308,54815.078125,30560857714,4096.912109,16515693874,0.16399788,-2.60001778,108938286111952.34
2021-11-28,15432619.13,6256,45,71614.50719,181.530211,57248.457031,28116886357,4294.453613,15953126340,0.16399788,-2.60001778,105900264714692.84
2021-11-29,15419739.64,6207,50,71807.7216,201.0130498,57806.566406,32370840356,4445.10498,19086475837,0.16399788,-2.60001778,105558567524359.88
2021-11-30,15431937.6,6259,49,70185.83352,204.653459,57005.425781,36708594618,4631.479004,28626354111,0.16399788,-2.60001778,108192847737001.12
2021-12-01,15419850.72,6237,53,68926.43531,195.8702902,57229.828125,36858195307,4586.990234,27634826695,0.09168917,-2.92875407,105410663300358.3
2021-12-02,15425392.98,6246,51,69737.77442,202.5754083,56477.816406,32379968686,4511.302246,21502671027,0.09168917,-2.92875407,106468865523736.34
2021-12-03,15411441.47,6294,48,66293.03956,192.4829997,53598.246094,39789134215,4220.706055,25879591528,0.09168917,-2.92875407,104898555842514.22
2021-12-04,15409066.05,6177,49,70232.10151,200.0480816,49200.703125,61385677469,4119.587402,38478999182,0.09168917,-2.92875407,99886554225238.30
2021-12-05,15429404.02,6228,48,69488.43963,222.6221901,49368.847656,37198201161,4198.322754,25533062707,0.09168917,-2.92875407,106676177088965.62
2021-12-06,15418404.71,6273,50,67603.32791,198.4334449,50582.625,37707308001,4358.737305,28229518513,0.09168917,-2.92875407,101737326248618.72
2021-12-07,15420125.76,6266,49,65338.15049,195.4629748,50700.085938,33676814852,4315.061523,22366213354,0.09168917,-2.92875407,103764028172999.34
2021-12-08,15432801.82,6225,51,69760.51165,208.2420884,50504.796875,28479699446,4439.35791,18704315119,0.09168917,-2.92875407,105432957641047.05
2021-12-09,15423119.15,6282,49,68557.0,199.1942057,47672.121094,29603577251,4119.815918,22296131874,0.09168917,-2.92875407,104225011219489.02
2021-12-10,15435925.19,6427,51,67807.10129,192.5836316,47243.304688,30966005122,3908.496094,28014595631,0.09168917,-2.92875407,104068045200009.8
2021-12-11,15457748.68,6488,47,66999.22334,184.8618989,49362.507813,25775869261,4084.452393,19131502454,0.09168917,-2.92875407,106283986003730.55
2021-12-12,15450420.5,6523,47,66346.28852,181.1893301,50098.335938,21939223599,4134.453125,14057603914,0.09168917,-2.92875407,108291879504569.73
2021-12-13,15455259.55,6486,48,72438.93956,191.640148,46737.480469,32166727776,3784.226807,23999841386,0.09168917,-2.92875407,103713655308756.98
2021-12-14,15437536.84,6391,52,71391.62306,190.0954467,46612.632813,34638619079,3745.44043,23836759957,0.09168917,-2.92875407,102959517732975.44
2021-12-15,15437262.37,6478,51,69995.68354,194.2670577,48896.722656,36541828520,4018.388672,26411188833,0.09168917,-2.92875407,103213613055260.38
2021-12-16,15456937.6,6397,50,64165.9381,180.6246678,47665.425781,27268150947,3962.469727,19825531254,0.09168917,-2.92875407,105362208767546.45
2021-12-17,15445196.91,6468,47,73498.74242,196.4061534,46202.144531,32902725329,3879.486572,23143541098,0.09168917,-2.92875407,101945991071980.5
2021-12-18,15442455.81,6508,46,75494.77197,178.222649,46848.777344,26098292690,3960.860107,19530895889,0.09168917,-2.92875407,106149590554341.97
2021-12-19,15470778.32,6453,49,67943.46258,176.2871533,46707.015625,25154053861,3922.592529,16167785597,0.09168917,-2.92875407,106555588930350.8
2021-12-20,15434593.73,6545,49,69853.04156,183.5353705,46880.277344,30961902129,3933.844482,21589690675,0.09168917,-2.92875407,103281441889787.44
2021-12-21,15458326.4,6442,46,68846.2479,186.842285,48936.613281,27055803928,4020.26001,16388555198,0.09168917,-2.92875407,104449437746332.88
2021-12-22,15430694.34,6426,49,68696.83396,191.9257703,48628.511719,24447979559,3982.099609,13921756199,0.09168917,-2.92875407,102960912306134.08
2021-12-23,15446334.12,6415,48,72290.77132,194.1141076,50784.539063,28223878108,4108.015625,18007273742,0.09168917,-2.92875407,103461023968796.3
2021-12-24,15429657.33,6468,48,72147.36503,200.7311379,50822.195313,24367912228,4047.98291,12769090623,0.09168917,-2.92875407,102565644575824.19
2021-12-25,15453717.72,6460,48,72236.17709,201.1639319,50429.859375,19030650914,4093.281006,10894785525,0.09168917,-2.92875407,105475532984951.44
2021-12-26,15440803.69,6467,44,71563.17953,186.6308953,50809.515625,20964372926,4067.328125,11197244172,0.09168917,-2.92875407,103777134188889.39
2021-12-27,15451779.92,6477,47,78825.20457,193.3050795,50640.417969,24324345758,4037.547607,11424360002,0.09168917,-2.92875407,103044016153914.27
2021-12-28,15430268.35,6442,45,79688.72493,192.647004,47588.855469,33430376883,3800.893066,17299472803,0.09168917,-2.92875407,102091272325030.8
2021-12-29,15458866.39,6519,49,83473.78494,192.1257862,46444.710938,30049226299,3628.531738,15722555672,0.09168917,-2.92875407,104206824072210.1
2021-12-30,15438554.32,6432,49,80678.80955,195.2251244,47178.125,26686491018,3713.852051,12925377999,0.09168917,-2.92875407,103989366796241.77
2021-12-31,15433861.64,6379,46,79151.92616,190.4036683,46306.445313,36974172400,3682.632813,14157285268,0.09168917,-2.92875407,103780256439423.64
2022-01-01,15455144.73,6506,44,78274.81048,181.5230556,47686.8125,24582667004,3769.697021,9776191466,0.3194951,-2.23245881,105635920956015.36
2022-01-02,15455335.55,6495,46,85060.02617,178.4295612,47345.21875,27951569547,3829.564941,9881471548,0.3194951,-2.23245881,106105485176503.5
2022-01-03,15462338.41,6461,46,87429.3922,187.1495125,46458.117188,33071628362,3761.380371,12080777893,0.3194951,-2.23245881,105939545898663.7
2022-01-04,15449627.3,6494,44,83141.69526,188.0683708,45897.574219,42494677905,3794.056641,14030925983,0.3194951,-2.23245881,105506198170413.27
2022-01-05,15450468.17,6460,44,87221.07353,193.4408669,43569.003906,36851084859,3550.386963,18061338502,0.3194951,-2.23245881,105413153533538.66
2022-01-06,15443675.24,6392,45,84717.31383,189.6894556,43160.929688,30208048289,3418.408203,24293791313,0.3194951,-2.23245881,103640336422525.45
2022-01-07,15436174.02,6423,45,86750.19664,185.0365873,41557.902344,84196607520,3193.210449,24494179209,0.3194951,-2.23245881,101948286236976.75
2022-01-08,15457136.28,6525,42,90892.88261,181.4364751,41733.941406,28066355845,3091.972656,16037732700,0.3194951,-2.23245881,106152360713078.97
2022-01-09,15446115.2,6505,44,98868.71068,170.3800154,41911.601563,21294384372,3157.751465,12334683863,0.3194951,-2.23245881,105415385431274.27
2022-01-10,15459581.78,6422,43,94967.61507,192.0266272,41821.261719,32104232331,3083.0979,19535744145,0.3194951,-2.23245881,104586098076673.3
2022-01-11,15457579.08,6527,48,94105.39819,195.7482764,42735.855469,26327648900,3238.111572,15211447193,0.3194951,-2.23245881,105738837660474.94
2022-01-12,15443628.91,6457,51,85405.16803,198.7526715,43949.101563,33499938689,3372.258301,16662871689,0.3194951,-2.23245881,105604671153683.39
2022-01-13,15457151.7,6438,46,89631.57487,199.2732215,42591.570313,47691135082,3248.288574,15294466275,0.3194951,-2.23245881,106783164581489.0
2022-01-14,15440743.57,6439,50,90602.3002,189.2312471,43099.699219,23577403399,3310.001465,13562957230,0.3194951,-2.23245881,103640151031048.62
2022-01-15,15449618.65,6486,46,90413.80944,181.1361394,43177.398438,18371348298,3330.530762,9619999078,0.3194951,-2.23245881,105929599849716.08
2022-01-16,15466499.69,6504,48,90864.00092,178.8059656,43113.878906,17902097845,3350.921875,9505934874,0.3194951,-2.23245881,106776070299416.47
2022-01-17,15432198.88,6468,46,92055.54669,185.330705,42250.550781,21690904261,3212.304932,12344309617,0.3194951,-2.23245881,103617325576050.42
2022-01-18,15453180.9,6462,43,91037.66311,180.9851439,42375.632813,22417209227,3164.025146,13024154091,0.3194951,-2.23245881,105388323431209.44
2022-01-19,15456953.46,6473,44,87191.41495,188.9607601,41744.328125,23091543258,3095.825928,13187424144,0.3194951,-2.23245881,107082045734722.88
2022-01-20,15456147.85,6489,43,80062.40499,183.3900447,40680.417969,20382033940,3001.120117,10645922764,0.3194951,-2.23245881,105239726814180.3
2022-01-21,15448463.7,6393,44,88114.27952,186.1251369,36457.316406,43011992031,2557.931641,26796291874,0.3194951,-2.23245881,104181006109311.38
2022-01-22,15424159.5,6556,45,86842.41718,183.7888957,35030.25,39714385405,2405.181152,27369692036,0.3194951,-2.23245881,101886254233395.84
2022-01-23,15456825.97,6456,50,81407.18711,166.9584882,36276.804688,26017975951,2535.039063,16481489511,0.3194951,-2.23245881,106685340584448.28
2022-01-24,15443573.66,6449,45,87441.99783,177.8739339,36654.328125,41856658597,2440.352295,28220804648,0.3194951,-2.23245881,102972708304011.97
2022-01-25,15442638.0,6460,48,89302.59551,182.2972136,36954.003906,26428189594,2455.935059,16179776932,0.3194951,-2.23245881,104654367037800.23
2022-01-26,15451791.51,6427,46,90534.26762,178.3283025,36852.121094,31324598034,2468.030273,21229909340,0.3194951,-2.23245881,103996489539921.95
2022-01-27,15429985.58,6494,46,93639.19326,174.5740684,37138.234375,25041426629,2423.001221,16126522783,0.3194951,-2.23245881,101908616002830.0
2022-01-28,15429802.66,6472,49,86013.04527,175.7662237,37784.332031,22238830523,2547.092041,14666227351,0.3194951,-2.23245881,103058009175508.4
2022-01-29,15441501.17,6461,48,88540.0729,177.5509983,38138.179688,17194183075,2597.084717,11172062661,0.3194951,-2.23245881,105430701144609.86
2022-01-30,15448127.02,6539,47,90447.99052,181.0445022,37917.601563,14643548444,2603.466553,9501221177,0.3194951,-2.23245881,106424502710240.28
2022-01-31,15465168.54,6462,48,86293.04225,182.1951408,38483.125,20734730465,2688.278809,13778234614,0.3194951,-2.23245881,106669635174066.44
2022-02-01,15468234.6,6501,46,90133.36133,180.4643901,38743.273438,20288500328,2792.117188,13194846235,0.44159289,-2.64867235,106549688104428.2
2022-02-02,15426430.07,6454,46,93113.06275,178.5969941,36952.984375,19155189416,2682.854004,13876301217,0.44159289,-2.64867235,106043933179510.45
2022-02-03,15448132.52,6423,46,88566.10431,173.0056049,37154.601563,18591534769,2679.162598,12755505065,0.44159289,-2.64867235,106265790905947.94
2022-02-04,15445357.1,6556,48,85039.05552,178.3090299,41500.875,29412210792,2983.586914,18987223729,0.44159289,-2.64867235,104370823076461.02
2022-02-05,15439212.84,6387,45,83069.34398,193.3651166,41441.164063,19652846215,3014.648193,13102093957,0.44159289,-2.64867235,107002483785124.14
2022-02-06,15455075.53,6539,51,80012.31962,179.520416,42412.433594,16142097334,3057.476074,9466018022,0.44159289,-2.64867235,105084130885264.16
2022-02-07,15449933.27,6461,48,87904.98932,180.0554094,43840.285156,28641855926,3142.470703,15197063785,0.44159289,-2.64867235,105157646834641.6
2022-02-08,15438539.13,6430,44,85709.83826,183.6360809,44118.445313,33079398868,3122.608643,17136080906,0.44159289,-2.64867235,102379140270439.31
2022-02-09,15448783.31,6477,47,86954.40837,186.180176,44338.796875,23245887300,3239.457031,13951308490,0.44159289,-2.64867235,103959073412260.77
2022-02-10,15437516.94,6438,49,90584.3119,187.2749301,43565.113281,32142048537,3077.482178,18629485080,0.44159289,-2.64867235,104358481346277.16
2022-02-11,15439510.82,6520,47,90687.5339,181.5898773,42407.9375,26954925781,2927.383545,16043881065,0.44159289,-2.64867235,105187118360186.92
2022-02-12,15455743.82,6471,44,84500.07989,172.2528203,42244.46875,18152390304,2917.362793,11254355757,0.44159289,-2.64867235,105785346735084.25
2022-02-13,15461729.32,6470,50,87651.2473,172.3795981,42197.515625,14741589015,2883.463379,9054963563,0.44159289,-2.64867235,107169405569862.6
2022-02-14,15458419.46,6451,42,88983.35219,177.8828089,42586.917969,20827783012,2933.479004,12164552172,0.44159289,-2.64867235,106147867713065.58
2022-02-15,15464904.19,6520,46,92113.52914,182.9191718,44575.203125,22721659051,3179.877197,13921257873,0.44159289,-2.64867235,105285057923674.66
2022-02-16,15438702.8,6410,46,95438.53011,186.3795632,43961.859375,19792547657,3127.830078,12352406833,0.44159289,-2.64867235,106692401526220.11
2022-02-17,15472013.68,6476,45,99672.64747,176.3429586,40538.011719,26246662813,2881.481934,15860206214,0.44159289,-2.64867235,106882437974983.55
2022-02-18,15456534.83,6418,47,98782.95762,195.1938299,40030.976563,23310007704,2785.727539,15748173433,0.44159289,-2.64867235,107090425684111.73
2022-02-19,15465356.76,6407,48,101752.2043,179.5164664,40122.15625,13736557863,2763.701172,9774183169,0.44159289,-2.64867235,107968584296308.97
2022-02-20,15457790.35,6518,43,102348.906,206.1781221,38431.378906,18340576452,2628.648438,11641437834,0.44159289,-2.64867235,105114645180303.12
2022-02-21,15458255.67,6434,46,119117.5839,176.3054088,37075.28125,29280402798,2573.816162,18646392740,0.44159289,-2.64867235,106208790819394.36
2022-02-22,15460737.86,6463,49,100336.9236,174.7196348,38286.027344,25493150450,2639.299316,16360200507,0.44159289,-2.64867235,104271821733444.48
2022-02-23,15448398.18,6487,48,98861.74117,176.9125944,37296.570313,21849073843,2590.359619,13382637240,0.44159289,-2.64867235,105892779253555.23
2022-02-24,15426527.47,6485,46,95329.82082,182.1406322,38332.609375,46383802093,2598.067139,29312342666,0.44159289,-2.64867235,102152428434303.48
2022-02-25,15453447.58,6430,43,98881.46765,176.9670295,39214.21875,26545599159,2764.535645,17208902048,0.44159289,-2.64867235,103235071331470.17
2022-02-26,15472514.77,6460,47,93369.91997,180.7743034,39105.148438,17467554129,2781.111816,11724648351,0.44159289,-2.64867235,109522726765414.86
2022-02-27,15462191.02,6488,49,90823.32121,173.4070592,37709.785156,23450127612,2621.801758,16150857254,0.44159289,-2.64867235,105690518147427.69
2022-02-28,15463958.59,6424,47,89598.66625,172.4956413,43193.234375,35690014104,2919.201172,19266124733,0.44159289,-2.64867235,105298917341272.28
2022-03-01,15439446.15,6495,44,90397.90885,178.8397229,44354.636719,32479047645,2972.485107,18757425786,0.34708992,-2.9980438,103072139685176.19
2022-03-02,15448644.78,6404,48,95788.45378,186.0351343,43924.117188,29183112630,2950.118408,16636517503,0.34708992,-2.9980438,104983442457235.58
2022-03-03,15460633.34,6451,46,95378.69168,180.9311735,42451.789063,24967782593,2834.468994,13091199728,0.34708992,-2.9980438,105001336835684.6
2022-03-04,15449148.62,6496,46,86093.31065,179.7182882,39137.605469,28516271427,2617.156006,14496939024,0.34708992,-2.9980438,105590274832404.81
2022-03-05,15445841.16,6376,44,79961.46769,169.0685383,39400.585938,16975917450,2664.831055,8072368396,0.34708992,-2.9980438,105523749262746.98
2022-03-06,15464806.28,6421,46,81129.11587,174.9330322,38419.984375,19745229902,2555.037354,8872976607,0.34708992,-2.9980438,106058896723386.86
2022-03-07,15435985.63,6446,48,85378.61744,182.2165684,38062.039063,28546143503,2497.77124,14594098731,0.34708992,-2.9980438,101537313123044.67
2022-03-08,15449443.54,6392,48,87321.1433,187.0503755,38737.269531,25776583476,2576.747559,13922922903,0.34708992,-2.9980438,102746181214827.53
2022-03-09,15449343.56,6508,48,87457.83482,181.0574677,41982.925781,32284121034,2729.783447,14173665398,0.34708992,-2.9980438,106762833076584.42
2022-03-10,15446761.48,6480,51,86476.5338,189.7516975,39437.460938,31078064711,2608.048584,13292477213,0.34708992,-2.9980438,105545179725955.05
2022-03-11,15465311.79,6331,46,89830.54983,176.802085,38794.972656,26364890465,2559.562988,12382419582,0.34708992,-2.9980438,105625611945143.94
2022-03-12,15453874.95,6509,47,85188.70241,172.1657705,38904.011719,14616450657,2574.75415,6532996574,0.34708992,-2.9980438,106838616696225.9
2022-03-13,15456264.46,6327,45,86475.45661,164.6636637,37849.664063,17300745310,2518.94458,8632000379,0.34708992,-2.9980438,104021603259932.27
2022-03-14,15463635.08,6458,48,88667.821,170.0082069,39666.753906,24322159070,2590.696045,11244398839,0.34708992,-2.9980438,106842810239688.89
2022-03-15,15454184.92,6405,48,88737.74348,185.8246682,39338.785156,23934000868,2620.149658,12861105614,0.34708992,-2.9980438,104171085074931.5
2022-03-16,15460048.51,6391,49,88594.31122,193.3986857,41143.929688,39616916192,2772.055664,17915109769,0.34708992,-2.9980438,103591856919926.48
2022-03-17,15434887.77,6426,48,82966.73514,182.778089,40951.378906,22009601093,2814.854492,12685265194,0.34708992,-2.9980438,102170276409382.2
2022-03-18,15450485.1,6418,45,83297.16111,197.2489872,41801.15625,34421564942,2945.343018,15830879093,0.34708992,-2.9980438,103919812871316.58
2022-03-19,15439906.36,6449,46,80792.23833,174.8498992,42190.652344,19664853187,2946.25708,11576463120,0.34708992,-2.9980438,104493052181487.95
2022-03-20,15449010.42,6426,47,87035.75381,174.146592,41247.824219,20127946682,2860.459229,12684727326,0.34708992,-2.9980438,103790481378618.69
2022-03-21,15453940.16,6407,47,86140.14859,181.4935227,41077.996094,24615543271,2897.976563,15206116098,0.34708992,-2.9980438,102912820077345.92
2022-03-22,15453508.24,6446,46,87874.93857,189.3532423,42358.808594,32004652376,2973.131104,16830539230,0.34708992,-2.9980438,106101317763093.45
2022-03-23,15467740.36,6440,43,89309.54022,180.8131988,42892.957031,25242943069,3031.067139,16008767658,0.34708992,-2.9980438,104557164470944.58
2022-03-24,15440527.1,6424,47,86000.29032,179.3226961,43960.933594,31042992291,3108.062012,18070503166,0.34708992,-2.9980438,104572381753481.77
2022-03-25,15453449.39,6424,56,85760.62687,178.5202366,44348.730469,30574413034,3106.671387,17030503831,0.34708992,-2.9980438,105051922258225.28
2022-03-26,15442637.22,6407,52,80067.46106,175.4140784,44500.828125,16950455995,3143.178955,8876420740,0.34708992,-2.9980438,103872382855039.14
2022-03-27,15466850.13,6395,47,82095.82267,175.5551212,46820.492188,28160889722,3291.577637,13431866834,0.34708992,-2.9980438,104610070668746.98
2022-03-28,15437361.64,6463,50,83028.25453,188.4609315,47128.003906,36362175703,3336.634521,20620450770,0.34708992,-2.9980438,103241779373745.94
2022-03-29,15444200.59,6452,48,82975.68382,185.9731866,47465.730469,31397059069,3401.987793,19533323636,0.34708992,-2.9980438,103909301074538.89
2022-03-30,15439674.99,6394,49,83747.79606,180.2001877,47062.664063,29333883962,3385.157959,15302506131,0.34708992,-2.9980438,102695584997093.16
2022-03-31,15452946.21,6414,51,85719.56361,181.9646087,45538.675781,33327427106,3281.642822,17685495686,0.34708992,-2.9980438,102511113274161.58
2022-04-01,15448039.83,6431,52,87025.6069,180.2974654,46281.644531,38162644287,3449.552246,20982988937,0.94940027,-3.28578549,101996640368739.97
2022-04-02,15422213.82,6357,46,89483.83152,172.1988359,45868.949219,29336594194,3445.059326,23571556215,0.94940027,-3.28578549,101763862340894.53
2022-04-03,15450110.77,6426,49,92114.78525,165.0760971,46453.566406,25414397610,3522.833496,15333808649,0.94940027,-3.28578549,104914609669628.95
2022-04-04,15464358.25,6323,52,91130.76894,174.785703,46622.675781,32499785455,3521.241211,18209969743,0.94940027,-3.28578549,103513205501030.14
2022-04-05,15453552.87,6436,53,89603.37958,168.9137663,45555.992188,29640604055,3411.79248,16681503199,0.94940027,-3.28578549,106920896158700.7
2022-04-06,15447026.57,6418,47,94644.23605,175.6269866,43206.738281,39393395788,3171.691895,25632563639,0.94940027,-3.28578549,104005095410136.11
2022-04-07,15453626.41,6422,49,102100.8055,175.6139832,43503.847656,26101973106,3233.274658,16745496605,0.94940027,-3.28578549,105676657168023.3
2022-04-08,15439974.4,6338,50,100609.8992,174.25355,42287.664063,27215995394,3192.073975,17557050669,0.94940027,-3.28578549,104001261286376.45
2022-04-09,15454601.45,6429,45,92217.93389,168.8285892,42782.136719,16050772496,3261.91626,9908112156,0.94940027,-3.28578549,107489786151819.56
2022-04-10,15452646.74,6401,47,97366.89049,172.510389,42207.671875,17654475582,3211.866943,10427054790,0.94940027,-3.28578549,106288475658876.0
2022-04-11,15461290.21,6447,52,93680.07383,172.6793858,39521.902344,33949912166,2981.052246,21891804831,0.94940027,-3.28578549,103389122243738.34
2022-04-12,15447560.26,6446,50,92832.92941,172.5913745,40127.183594,30991500854,3030.376465,20235707410,0.94940027,-3.28578549,103210452344700.19
2022-04-13,15432820.76,6312,52,92827.30497,169.1988276,41166.730469,27691105228,3118.344238,16088473629,0.94940027,-3.28578549,102848786248162.06
2022-04-14,15456684.08,6408,47,92980.08084,174.357834,39935.515625,24342001973,3019.909424,15821419931,0.94940027,-3.28578549,104904248280449.2
2022-04-15,15435936.47,6421,52,88831.86653,173.025074,40553.464844,21756855753,3040.916504,11256651536,0.94940027,-3.28578549,104949743175253.31
2022-04-16,15465499.17,6404,46,87808.02858,165.4100562,40424.484375,16833150693,3062.310303,8766710365,0.94940027,-3.28578549,109565453776180.38
2022-04-17,15462618.96,6431,47,91637.43757,162.2222049,39716.953125,19087633042,2993.40332,10463091281,0.94940027,-3.28578549,107241798273201.1
2022-04-18,15448389.78,6350,48,92883.45559,173.7699213,40826.214844,33705182072,3057.606689,18629381299,0.94940027,-3.28578549,104016243863456.28
2022-04-19,15460144.91,6409,49,92498.72835,189.4985177,41502.75,25303206547,3104.106445,14156035096,0.94940027,-3.28578549,106704498467589.55
2022-04-20,15452025.03,6424,53,97648.65146,193.264944,41374.378906,27819532341,3077.74585,15547362265,0.94940027,-3.28578549,105554844063230.56
2022-04-21,15429816.33,6290,52,91285.84738,178.0484897,40527.363281,35372786395,2987.480713,20783591093,0.94940027,-3.28578549,105593028540646.31
2022-04-22,15431121.18,6414,48,94383.95307,178.487995,39740.320313,28011716745,2964.835693,16782795477,0.94940027,-3.28578549,105537171927164.97
2022-04-23,15433050.5,6371,51,90136.60697,165.0412808,39486.730469,16138021249,2938.114014,9116955609,0.94940027,-3.28578549,105829241854996.5
2022-04-24,15450492.1,6373,48,95808.68822,168.1747999,39469.292969,17964398167,2922.732666,9696829579,0.94940027,-3.28578549,108759863946905.75
2022-04-25,15437187.7,6342,53,95000.32324,181.2089246,40458.308594,35445730570,3009.393555,22332690614,0.94940027,-3.28578549,102881871006811.64
2022-04-26,15452291.85,6320,48,89904.54573,178.0458861,38117.460938,34569088416,2808.29834,19052045399,0.94940027,-3.28578549,105541925371992.58
2022-04-27,15410632.56,6381,56,97533.53158,182.0253879,39241.121094,30981015184,2888.929688,17419284041,0.94940027,-3.28578549,104256270663337.66
2022-04-28,15444158.91,6348,48,90735.37256,182.0280403,39773.828125,33903704907,2936.940918,18443524633,0.94940027,-3.28578549,106450398517093.4
2022-04-29,15438344.1,6376,52,88750.6628,183.199655,38609.824219,30882994649,2815.601807,18771041399,0.94940027,-3.28578549,105928701529135.86
2022-04-30,15462047.07,6348,51,85276.33475,190.8744486,37714.875,23895713731,2730.186768,13520941867,0.94940027,-3.28578549,107426006735866.84
2022-05-01,15438143.34,6381,51,87744.454,180.9727315,38469.09375,27002760110,2827.756104,15332730152,1.20389776,-3.25642212,107875517931496.39
2022-05-02,15442015.91,6358,48,86346.28043,174.9079899,38529.328125,32922642426,2857.4104,18609741545,1.20389776,-3.25642212,105855320437586.47
2022-05-03,15429694.88,6337,49,90305.46126,170.0340855,37750.453125,27326943244,2783.476318,13026093219,1.20389776,-3.25642212,106972413321832.95
2022-05-04,15449628.58,6258,54,90234.75999,176.135187,39698.371094,36754404490,2940.644775,18186749944,1.20389776,-3.25642212,106869625026217.14
2022-05-05,15422314.86,6295,48,92949.29976,188.6900715,36575.140625,43106256317,2749.213135,22642925048,1.20389776,-3.25642212,103910958336906.94
2022-05-06,15416604.49,6305,52,92360.74576,177.0915147,36040.921875,37795577489,2694.979736,21027599270,1.20389776,-3.25642212,101766788702541.69
2022-05-07,15436240.81,6258,52,83276.95765,168.0231703,35501.953125,24375896406,2636.093018,13369276367,1.20389776,-3.25642212,105975681387478.4
2022-05-08,15425645.74,6333,50,79985.24128,171.6718775,34059.265625,36763041910,2517.459961,20802269935,1.20389776,-3.25642212,103597948874184.33
2022-05-09,15444769.5,6195,52,91599.48733,186.9798224,30296.953125,63355494961,2245.43042,36333567678,1.20389776,-3.25642212,97407499079845.00
2022-05-10,15381558.2,6208,47,98301.43992,193.7715851,31022.90625,59811038817,2343.510986,38202099639,1.20389776,-3.25642212,98748199116603.2
2022-05-11,15415374.04,6338,45,99988.60398,191.0236668,28936.355469,70388855818,2072.108643,45743399154,1.20389776,-3.25642212,95887485592478.70
2022-05-12,15398142.4,6188,52,98964.3788,214.5693277,29047.751953,66989173272,1961.701538,42463486402,1.20389776,-3.25642212,96623806127349.30
2022-05-13,15396843.41,6367,52,88510.76504,210.8379142,29283.103516,42841124537,2014.418213,24816096567,1.20389776,-3.25642212,99675268891787.50
2022-05-14,15427312.4,6237,47,86964.3856,182.7457111,30101.265625,28579868620,2056.273926,15457044616,1.20389776,-3.25642212,104772754407987.62
2022-05-15,15418085.56,6289,50,88217.00652,173.2296073,31305.113281,25835372065,2145.706787,14846088335,1.20389776,-3.25642212,103300384332644.17
2022-05-16,15445687.45,6288,56,90246.44291,178.8091603,29862.917969,32613897286,2022.725952,21459552191,1.20389776,-3.25642212,104925537270718.55
2022-05-17,15433096.61,6285,48,103812.6546,180.7029435,30425.857422,29101473475,2090.40918,18509929297,1.20389776,-3.25642212,106102976026148.84
2022-05-18,15444801.66,6246,46,89802.34998,188.5867755,28720.271484,31285268319,1916.656128,17740965589,1.20389776,-3.25642212,105686600108817.62
2022-05-19,15421001.83,6112,45,93538.25605,178.8885798,30314.333984,33773447707,2018.336182,18734247914,1.20389776,-3.25642212,104362683645268.89
2022-05-20,15438663.42,6154,51,93262.12447,180.8272668,29200.740234,30749382605,1961.315674,15892482289,1.20389776,-3.25642212,105964275185101.8
2022-05-21,15450640.43,6160,52,98302.94399,177.6849026,29432.226563,17274840442,1974.518311,8546822406,1.20389776,-3.25642212,108465296811733.02
2022-05-22,15458810.7,6122,46,100975.0459,172.4344985,30323.722656,21631532270,2043.170166,10941123403,1.20389776,-3.25642212,108699471285263.47
2022-05-23,15411154.55,6219,51,94581.59833,174.6041164,29098.910156,31483454557,1972.181885,16434529708,1.20389776,-3.25642212,105674554101298.2
2022-05-24,15448978.52,6074,53,98534.78548,181.2174844,29655.585938,26616506245,1978.982788,13057109007,1.20389776,-3.25642212,105923467863115.97
2022-05-25,15438254.01,6165,51,102835.104,177.5570154,29562.361328,27525063551,1944.827881,13364545730,1.20389776,-3.25642212,106413695902578.4
2022-05-26,15446080.49,6092,55,112811.0982,175.8338805,29267.224609,36774325352,1803.91333,23458681818,1.20389776,-3.25642212,105668773956101.28
2022-05-27,15418586.87,6218,49,99428.06465,175.8554197,28627.574219,36582005748,1724.922852,25470760032,1.20389776,-3.25642212,104675771555660.3
2022-05-28,15420722.17,6166,53,96246.8808,173.5001622,28814.900391,35519577634,1757.941772,23214777872,1.20389776,-3.25642212,106775139931740.7
2022-05-29,15458542.81,6157,50,112139.8537,173.0399545,29445.957031,18093886409,1812.031006,10642556101,1.20389776,-3.25642212,106536226625969.02
2022-05-30,15441295.91,6096,54,102688.3099,175.5774278,31726.390625,39277993274,1996.441284,19580808705,1.20389776,-3.25642212,104089636193575.08
2022-05-31,15441716.06,6146,49,108154.4601,186.9739668,31792.310547,33538210634,1942.328003,18363115560,1.20389776,-3.25642212,105453994719692.89
2022-06-01,15434478.6,6119,49,125888.3282,178.3433568,29799.080078,41135817341,1823.569336,21037797760,1.02509351,-3.96642481,108088184458996.81
2022-06-02,15433872.55,6159,48,127466.6095,177.4275045,30467.488281,29083562061,1834.150513,17065041354,1.02509351,-3.96642481,104905986206762.8
2022-06-03,15445000.61,6135,48,115368.9151,173.999185,29704.390625,26175547452,1775.078613,14878001811,1.02509351,-3.96642481,106818878831025.47
2022-06-04,15444196.29,5898,51,108285.184,174.4864361,29832.914063,16588370958,1801.609497,8677951273,1.02509351,-3.96642481,108210043488974.05
2022-06-05,15439876.91,5939,48,109392.8911,169.5755178,29906.662109,17264085441,1805.204956,8850385937,1.02509351,-3.96642481,107669570107742.84
2022-06-06,15441719.43,5794,50,107199.0002,180.2414567,31370.671875,31947336829,1859.289673,16518471852,1.02509351,-3.96642481,106037323787833.08
2022-06-07,15449083.96,5957,48,110405.8303,176.4284036,31155.478516,40770974039,1814.04834,24020076750,1.02509351,-3.96642481,106145008119800.72
2022-06-08,15420577.94,5883,52,112451.879,177.2478327,30214.355469,30242059107,1793.572266,18041476023,1.02509351,-3.96642481,104390135935580.81
2022-06-09,15465920.74,5808,50,100857.8681,176.0437328,30111.998047,21692004719,1789.82605,12013083393,1.02509351,-3.96642481,108856511059076.39
2022-06-10,15405987.66,5897,49,92869.1572,183.0503646,29083.804688,29867476527,1665.042236,18504740451,1.02509351,-3.96642481,103917736035719.52
2022-06-11,15444936.77,5866,49,92584.4567,175.8639618,28360.810547,27246574439,1529.663452,21127089064,1.02509351,-3.96642481,106595393268600.56
2022-06-12,15410557.0,5839,48,95441.43672,174.9674602,26762.648438,34163220274,1445.216553,23465074882,1.02509351,-3.96642481,103262337336491.52
2022-06-13,15402792.66,5835,53,99745.97532,190.134533,22487.388672,68204556440,1204.582764,45162788786,1.02509351,-3.96642481,96115921345679.2
2022-06-14,15404652.49,5747,50,98804.43257,189.0998782,22206.792969,50913575242,1211.662842,33327826525,1.02509351,-3.96642481,97873527251216.10
2022-06-15,15409825.04,5750,54,96504.56278,190.7826087,22572.839844,54912007015,1233.206421,37539999450,1.02509351,-3.96642481,98123911465831.00
2022-06-16,15417619.17,5820,48,87082.44107,189.0570447,20381.650391,31183975654,1067.730713,18907671369,1.02509351,-3.96642481,100240763201708.66
2022-06-17,15413203.02,5870,49,85005.84429,189.1957411,20471.482422,27132421514,1086.519287,14591486540,1.02509351,-3.96642481,101484033954615.36
2022-06-18,15400427.79,5816,52,86949.47111,181.9697387,19017.642578,42009436760,993.63678,21655406608,1.02509351,-3.96642481,99133097621537.80
2022-06-19,15418333.14,5711,51,85306.2609,178.370513,20553.271484,35329942625,1127.656494,21795481981,1.02509351,-3.96642481,101317893473256.6
2022-06-20,15398112.63,5871,51,84640.90257,177.6099472,20599.537109,30818458597,1127.642456,19739691429,1.02509351,-3.96642481,99403643798069.60
2022-06-21,15434932.79,5465,50,89999.1301,185.3361391,20710.597656,28970212744,1124.824585,15632089439,1.02509351,-3.96642481,101444641406697.7
2022-06-22,15430379.54,5355,53,96924.55724,184.6280112,19987.029297,28574793478,1051.421875,15010593493,1.02509351,-3.96642481,102388582391381.44
2022-06-23,15415732.5,5309,52,91867.05613,182.3252967,21085.876953,26188097173,1143.386719,14657862919,1.02509351,-3.96642481,102886735000856.42
2022-06-24,15438884.48,5366,50,95692.73649,189.9873276,21231.65625,24957784918,1226.844727,16981552654,1.02509351,-3.96642481,101976266846089.67
2022-06-25,15411593.93,5347,53,97502.89658,175.666729,21502.337891,18372538715,1243.446899,12481946184,1.02509351,-3.96642481,102079004095688.22
2022-06-26,15424075.96,5310,56,109448.6582,173.2054614,21027.294922,18027170497,1199.831665,12096607824,1.02509351,-3.96642481,103156477057835.69
2022-06-27,15444222.51,5411,49,103878.8791,183.7187211,20735.478516,20965695707,1193.680664,12492225250,1.02509351,-3.96642481,104008805321038.28
2022-06-28,15436008.91,5312,51,95146.1555,183.8435617,20280.634766,21381535161,1144.579224,14023205651,1.02509351,-3.96642481,102808985943605.89
2022-06-29,15408915.07,5332,51,103379.3276,188.5907727,20104.023438,23552740328,1098.943848,15386286815,1.02509351,-3.96642481,101078199712825.9
2022-06-30,15425883.32,5628,51,95063.0,187.354833,19784.726563,26267239923,1067.298828,16350755497,1.02509351,-3.96642481,101380294434874.27
2022-07-01,15399913.31,6455,52,80287.18342,182.5902401,19269.367188,30767551159,1059.767334,17499453625,1.06217493,-1.40330475,101882448818835.5
2022-07-02,15426161.08,6488,50,77835.72457,183.3202836,19242.255859,18100418740,1066.512817,9935603640,1.06217493,-1.40330475,106705001815984.28
2022-07-03,15445279.41,6540,50,81207.04786,176.9192661,19297.076172,16390821947,1073.766968,8557248150,1.06217493,-1.40330475,106332800151893.66
2022-07-04,15453240.24,6435,48,82624.63263,179.0208236,20231.261719,21594638208,1151.059082,13670889311,1.06217493,-1.40330475,105729127153438.28
2022-07-05,15438514.15,6477,53,85825.6818,182.5697082,20190.115234,26715546990,1134.541016,16195518291,1.06217493,-1.40330475,105181885469709.81
2022-07-06,15442932.18,6480,50,81529.00293,179.2333333,20548.246094,24598943708,1186.973999,15373536703,1.06217493,-1.40330475,105735230107208.72
2022-07-07,15426359.79,6419,53,83732.05764,186.0616919,21637.587891,25814972520,1237.593384,14230795894,1.06217493,-1.40330475,104595992056116.31
2022-07-08,15428425.38,6553,48,82623.94506,182.0264001,21731.117188,49899834488,1222.506226,16315929082,1.06217493,-1.40330475,103800265280664.19
2022-07-09,15436541.91,6414,52,83419.07546,182.5299345,21592.207031,29641127858,1216.978271,8821353104,1.06217493,-1.40330475,105845967665965.39
2022-07-10,15427722.39,6495,53,82233.44326,176.8902232,20860.449219,28688807249,1168.401611,10984558039,1.06217493,-1.40330475,106938024922006.53
2022-07-11,15450330.25,6484,50,81512.29287,176.7996607,19970.556641,24150249025,1097.236572,12064180410,1.06217493,-1.40330475,105239203921646.47
2022-07-12,15426434.92,6511,54,82884.80725,174.4579942,19323.914063,25810220018,1038.19165,12583282453,1.06217493,-1.40330475,103528866886202.44
2022-07-13,15418928.02,6412,55,85891.98238,183.231753,20212.074219,33042430345,1113.587158,18302588147,1.06217493,-1.40330475,103178910583547.7
2022-07-14,15451431.36,6540,52,84110.59557,181.8909786,20569.919922,31158743333,1191.526245,16688640823,1.06217493,-1.40330475,104066413487338.81
2022-07-15,15403659.49,6436,49,84352.07831,189.1852082,20836.328125,25905575359,1233.12915,17411448225,1.06217493,-1.40330475,103020812824496.5
2022-07-16,15439413.01,6448,51,84132.18828,192.5406328,21190.316406,24302954056,1352.626465,18364013796,1.06217493,-1.40330475,102317662109020.25
2022-07-17,15416454.19,6426,48,85065.8864,193.828976,20779.34375,22927802083,1338.635742,16079711737,1.06217493,-1.40330475,103561235060628.28
2022-07-18,15437203.98,6456,49,88572.23869,187.9747522,22485.689453,39974475562,1578.717896,27440420623,1.06217493,-1.40330475,101473135791180.88
2022-07-19,15431173.26,6476,51,81056.20028,181.520383,23389.433594,48765202697,1542.97522,27753529276,1.06217493,-1.40330475,103854582172138.89
2022-07-20,15390840.24,6443,49,84300.93931,184.9219308,23231.732422,42932549127,1520.200684,22942708340,1.06217493,-1.40330475,99929961159371.80
2022-07-21,15450982.49,6474,49,84739.03244,186.0359901,23164.628906,33631012204,1576.749512,20009556587,1.06217493,-1.40330475,104182659453285.03
2022-07-22,15416478.33,6468,49,80839.09276,185.7914348,22714.978516,31421555646,1537.405151,18926100582,1.06217493,-1.40330475,104516595413416.61
2022-07-23,15434098.39,6456,49,82352.86307,177.271995,22465.478516,24021799169,1549.297485,14998811383,1.06217493,-1.40330475,107151620472010.89
2022-07-24,15441503.76,6401,54,83636.82409,175.3324481,22609.164063,23565495303,1599.476685,17217849557,1.06217493,-1.40330475,107598962226511.31
2022-07-25,15481503.71,6395,53,86433.90008,199.5091478,21361.701172,35574561406,1445.383423,20585056021,1.06217493,-1.40330475,105876198958058.77
2022-07-26,15411686.62,6380,51,84632.36505,263.1768025,21239.753906,28624673855,1441.806763,18238563509,1.06217493,-1.40330475,105967452609324.31
2022-07-27,15444706.06,6433,52,81309.57656,186.1414581,22930.548828,31758955233,1636.232666,23007524016,1.06217493,-1.40330475,104740291823796.73
2022-07-28,15411215.46,6438,53,84234.23113,179.9644299,23843.886719,40212386158,1725.46814,27231399966,1.06217493,-1.40330475,102593362460851.2
2022-07-29,15425701.63,6423,55,83336.94208,185.6344387,23804.632813,35887249746,1727.406982,23249531113,1.06217493,-1.40330475,103936270609175.36
2022-07-30,15433935.23,6421,54,82555.75502,183.7329076,23656.207031,28148218301,1695.969482,15576977870,1.06217493,-1.40330475,105906481245731.45
2022-07-31,15454130.37,6403,52,82523.27862,180.9497111,23336.896484,23553591896,1681.517334,14200735370,1.06217493,-1.40330475,106725846223634.66
2022-08-01,15455231.28,6441,50,83749.75594,208.3841018,23314.199219,25849159141,1635.195801,16191371176,0.8556253,-1.47068045,106679052704596.89
2022-08-02,15421599.87,6446,54,83353.53242,187.1214707,22978.117188,28389250717,1632.945435,20426082309,0.8556253,-1.47068045,104931071660367.5
2022-08-03,15440322.15,6355,48,84139.15059,196.8352478,22846.507813,26288169966,1618.874512,16786218830,0.8556253,-1.47068045,103351394918601.62
2022-08-04,15420629.53,6389,52,83379.46095,228.4556269,22630.957031,25120229769,1608.205811,14467440626,0.8556253,-1.47068045,107514299731503.66
2022-08-05,15444559.35,6511,53,89379.16572,185.4074643,23289.314453,28881249043,1732.254639,18546491876,0.8556253,-1.47068045,105370581201155.05
2022-08-06,15438239.61,6385,51,82974.62835,179.8316366,22961.279297,15978259885,1691.658081,11757911705,0.8556253,-1.47068045,108158522113971.97
2022-08-07,15475753.8,6450,54,82541.76527,180.9196899,23175.890625,15886817043,1699.35083,10252090340,0.8556253,-1.47068045,111413429856436.67
2022-08-08,15464393.47,6423,50,84838.97649,181.7087031,23809.486328,28575544847,1775.516113,16841424404,0.8556253,-1.47068045,106687503936341.56
2022-08-09,15402513.05,6345,53,84650.14216,177.3268716,23164.318359,23555719219,1703.025024,16368619692,0.8556253,-1.47068045,104227664476452.38
2022-08-10,15461680.41,6375,49,93481.68706,182.0203922,23947.642578,32837431722,1851.742676,23512477984,0.8556253,-1.47068045,103801475480812.4
2022-08-11,15418979.21,6314,52,86458.21413,174.0112449,23957.529297,37127036580,1881.224121,23826986482,0.8556253,-1.47068045,106366005149456.0
2022-08-12,15443806.42,6343,54,81448.44805,178.2828315,24402.818359,27265804688,1957.24646,17168141904,0.8556253,-1.47068045,108079583040753.83
2022-08-13,15437906.59,6380,54,82517.61583,173.3912226,24424.068359,22987346289,1981.336548,16038975216,0.8556253,-1.47068045,106084246525824.22
2022-08-14,15460427.21,6318,50,86978.72665,174.4803735,24319.333984,22994133555,1936.802002,14062754456,0.8556253,-1.47068045,107074575849208.42
2022-08-15,15422217.85,6270,49,81303.24402,176.1416268,24136.972656,35123501685,1904.228149,20349931313,0.8556253,-1.47068045,104612021996434.42
2022-08-16,15440913.16,6381,54,81810.71086,170.2416549,23883.291016,27753685646,1878.139404,15637578930,0.8556253,-1.47068045,107834226297128.12
2022-08-17,15453190.76,6287,50,83526.24686,174.8466677,23335.998047,30931623076,1832.999634,20308508124,0.8556253,-1.47068045,107901705809289.4
2022-08-18,15452203.07,6344,51,83256.56967,176.2087011,23212.738281,23747613147,1847.007813,14999352229,0.8556253,-1.47068045,108110311509704.25
2022-08-19,15437517.74,6256,52,90586.80435,174.7616688,20877.552734,40509610260,1612.987305,25906358731,0.8556253,-1.47068045,106413319152276.53
2022-08-20,15427215.14,6353,51,83389.14954,172.5307729,21166.060547,27595671000,1577.003784,18334580263,0.8556253,-1.47068045,108346959997567.72
2022-08-21,15462249.77,6363,49,83510.36571,169.2990728,21534.121094,23102307723,1619.31897,15849221752,0.8556253,-1.47068045,112336240501382.39
2022-08-22,15486220.65,6264,49,84822.19109,169.2113665,21398.908203,31666498758,1622.505859,18557078599,0.8556253,-1.47068045,108656545031612.86
2022-08-23,15432141.43,6353,47,85671.97072,169.3244137,21528.087891,31878280659,1662.769897,18322041914,0.8556253,-1.47068045,108768956629427.39
2022-08-24,15474993.08,6256,51,81861.48801,166.851023,21395.019531,31962253368,1657.059204,16780932907,0.8556253,-1.47068045,109724954519434.89
2022-08-25,15439817.95,6210,50,85523.26393,173.0375201,21600.904297,31028679593,1696.457031,14818795695,0.8556253,-1.47068045,106909167987490.81
2022-08-26,15472028.85,6237,53,86424.57271,169.5956389,20260.019531,42326789564,1507.782837,26713710143,0.8556253,-1.47068045,108683175482024.38
2022-08-27,15414456.94,6236,48,86452.25257,168.0482681,20041.738281,30116729776,1491.39502,18120831899,0.8556253,-1.47068045,109934942065733.19
2022-08-28,15482256.77,6239,49,90059.20917,164.2962013,19616.814453,24366810591,1430.547363,12823572918,0.8556253,-1.47068045,110297493594352.53
2022-08-29,15438597.45,6327,50,94421.02845,171.2030978,20297.994141,32637854078,1553.037354,17965837488,0.8556253,-1.47068045,107949301609197.97
2022-08-30,15457523.41,6211,52,98774.33006,169.3711158,19796.808594,34483360283,1523.838867,21835784470,0.8556253,-1.47068045,104726410645154.23
2022-08-31,15435500.22,6250,50,89863.95856,165.6216,20049.763672,33225232872,1553.684937,20591680941,0.8556253,-1.47068045,104597310777812.94
2022-09-01,15433541.02,6262,46,79537.85516,173.2928777,20127.140625,30182031010,1586.176758,16434276817,1.20424868,-2.58910241,107057691175384.22
2022-09-02,15434726.37,6293,48,76642.35436,172.1309391,19969.771484,29123998928,1577.220459,17708478709,1.20424868,-2.58910241,110048371796219.0
2022-09-03,15465030.63,6200,48,73328.58081,167.03,19832.087891,23613051457,1556.872681,9516825994,1.20424868,-2.58910241,114226085247270.92
2022-09-04,15490384.93,6269,52,73810.76184,177.5592599,19986.712891,25245861652,1577.641602,8884144998,1.20424868,-2.58910241,113565235494920.77
2022-09-05,15466320.82,6171,50,75632.99741,176.8514017,19812.371094,28813460025,1617.183228,13060541168,1.20424868,-2.58910241,110239364496691.02
2022-09-06,15449519.72,6259,49,80446.05704,172.0608723,18837.667969,43403978910,1561.748535,22946059125,1.20424868,-2.58910241,106682085139723.3
2022-09-07,15414991.51,6218,46,81261.43519,171.8070119,19290.324219,35239757134,1629.906372,19560363854,1.20424868,-2.58910241,103872125070325.3
2022-09-08,15461579.67,6292,48,79662.5213,171.4381755,19329.833984,32194477850,1635.347656,17621046717,1.20424868,-2.58910241,108471198443855.92
2022-09-09,15438862.51,6065,55,81196.26579,180.3736191,21381.152344,48469528171,1719.085449,20242323690,1.20424868,-2.58910241,107164032222436.83
2022-09-10,15441872.2,6044,52,74219.87508,165.1485771,21680.539063,36913738894,1776.203735,13130928217,1.20424868,-2.58910241,107907605872094.69
2022-09-11,15450480.22,6066,50,77614.76937,168.8892186,21769.255859,34493951963,1761.800049,12464301922,1.20424868,-2.58910241,111381863906131.06
2022-09-12,15449276.59,6047,48,81240.12701,176.7767488,22370.449219,50212088965,1713.765259,17688391310,1.20424868,-2.58910241,106435942262751.14
2022-09-13,15448121.44,6064,50,79714.10653,180.2778694,20296.707031,51091116622,1580.787964,23066821734,1.20424868,-2.58910241,106168017685592.33
2022-09-14,15444604.36,5909,50,77832.67236,187.7089186,20241.089844,37872380889,1634.755005,17897150206,1.20424868,-2.58910241,105849407443514.06
2022-09-15,15321485.78,6727,510,75374.73792,188.1433031,19701.210938,36389011503,1471.693481,26946275878,1.20424868,-2.58910241,79943007386250.80
2022-09-16,15292383.21,7092,546,76254.84983,184.9758883,19772.583984,30123362273,1432.447754,16764804299,1.20424868,-2.58910241,74836518294295.80
2022-09-17,15301632.83,7130,532,71667.15624,185.4245442,20127.576172,24957448100,1469.741699,10798098671,1.20424868,-2.58910241,74308207210612.00
2022-09-18,15303045.44,7130,539,78827.24404,162.2570827,19419.505859,31254779144,1335.329102,15762284723,1.20424868,-2.58910241,73138025630533.20
2022-09-19,15300122.96,7125,514,81423.39032,159.7487719,19544.128906,40177002624,1377.541382,18712714223,1.20424868,-2.58910241,70469067425959.0
2022-09-20,15305999.31,7138,521,83552.05618,160.9738022,18890.789063,36791346508,1324.388184,14722317220,1.20424868,-2.58910241,73754059001057.20
2022-09-21,15316150.6,7054,490,83556.89169,155.9583215,18547.400391,46363793975,1252.607788,20643507800,1.20424868,-2.58910241,74338352056465.0
2022-09-22,15283478.54,7152,452,83197.58963,156.3614374,19413.550781,41135767926,1327.680176,18461527259,1.20424868,-2.58910241,70944991051068.30
2022-09-23,15282007.39,7167,478,81449.64727,156.2571508,19297.638672,38896078052,1328.259521,18771106339,1.20424868,-2.58910241,68529300648512.20
2022-09-24,15286335.67,7168,466,74353.90778,154.7441406,18937.011719,26149643168,1317.993286,12098209717,1.20424868,-2.58910241,70257915308766.70
2022-09-25,15287343.8,7168,449,73321.96415,154.4666574,18802.097656,23359966112,1294.216797,11802651633,1.20424868,-2.58910241,67943186738392.20
2022-09-26,15297528.03,7148,483,79884.54673,159.655568,19222.671875,44148798321,1335.32019,16034549271,1.20424868,-2.58910241,69794148295324.4
2022-09-27,15305671.15,7141,457,78741.69402,170.0453718,19110.546875,58571439619,1330.127686,17870598937,1.20424868,-2.58910241,72721208662510.60
2022-09-28,15295137.38,7162,437,78203.41343,154.9435912,19426.720703,53071298734,1337.410889,18994979566,1.20424868,-2.58910241,72090104484204.60
2022-09-29,15304896.77,7154,416,76731.79228,157.8918088,19573.050781,41037843771,1335.652344,13796915736,1.20424868,-2.58910241,72619637329974.90
2022-09-30,15294813.36,7162,486,76758.21837,171.165317,19431.789063,43975248085,1327.978638,14250100093,1.20424868,-2.58910241,72047833011283.90
2022-10-01,15287794.18,7137,457,79346.14642,162.2583719,19312.095703,18719537670,1311.644409,6227961237,1.79733203,0.02713679,71542161069856.40
2022-10-02,15291980.3,7175,462,79320.46801,162.2126829,19044.107422,20765955327,1276.093506,7578351650,1.79733203,0.02713679,68400576488773.00
2022-10-03,15298683.24,7157,456,76479.02277,182.6382563,19623.580078,30484729489,1323.439209,10153070907,1.79733203,0.02713679,69679711787315.100
2022-10-04,15288499.41,7132,459,83567.44013,166.1902692,20336.84375,35887278685,1362.126587,10139774963,1.79733203,0.02713679,70518296309804.80
2022-10-05,15297953.45,7148,431,86099.06743,163.5920537,20160.716797,33223790572,1352.837158,9774451820,1.79733203,0.02713679,72359581146116.90
2022-10-06,15288089.89,7157,449,82121.00084,168.0406595,19955.443359,34711412966,1351.709473,12033514861,1.79733203,0.02713679,71209440048506.10
2022-10-07,15300334.98,7146,468,80646.56129,165.1774419,19546.849609,29227315390,1332.516968,10061619355,1.79733203,0.02713679,74287402659877.10
2022-10-08,15326487.06,7169,457,72412.864,164.60929,19416.568359,16437423167,1315.500488,5804676208,1.79733203,0.02713679,71487989888297.40
2022-10-09,15326998.9,7162,486,53280.43284,149.1944987,19446.425781,16837262532,1322.604248,5486230123,1.79733203,0.02713679,77311502420588.00
2022-10-10,15321155.3,7165,433,55628.59386,156.7885555,19141.484375,27425022774,1291.337646,8794491050,1.79733203,0.02713679,78591706050011.50
2022-10-11,15305084.05,7164,449,61346.73074,157.7762423,19051.417969,28711532910,1279.575684,9274845260,1.79733203,0.02713679,75348781590073.20
2022-10-12,15316037.08,7164,476,65259.43872,149.9447236,19157.445313,24950173846,1294.906372,8355638578,1.79733203,0.02713679,77183518600872.10
2022-10-13,15298456.95,7157,463,76420.33953,157.0670672,19382.904297,44219840004,1288.123901,17499038202,1.79733203,0.02713679,74256348578274.30
2022-10-14,15310042.73,7162,455,69566.15443,149.6641999,19185.65625,38452356727,1297.422119,13113767755,1.79733203,0.02713679,74270557580210.70
2022-10-15,15356413.81,7167,433,64125.53635,144.8123343,19067.634766,16192235532,1274.871704,6798512624,1.79733203,0.02713679,87457181249908.90
2022-10-16,15324036.05,7157,443,68463.25709,137.0236132,19268.09375,17988916650,1306.296631,7491625206,1.79733203,0.02713679,79192771658564.40
2022-10-17,15294460.43,7154,438,74723.96645,149.9948281,19550.757813,27472552998,1331.713623,9401189650,1.79733203,0.02713679,71144306769793.40
2022-10-18,15289081.79,7168,451,79033.00991,148.2368862,19334.416016,30580012344,1310.447021,10416747806,1.79733203,0.02713679,68795707551654.20
2022-10-19,15277523.0,7154,442,76544.18018,152.1668996,19139.535156,22425387184,1285.744263,8350692785,1.79733203,0.02713679,66535827090051.40
2022-10-20,15274419.32,7165,433,77070.47467,161.2824843,19053.740234,24493974420,1283.200928,9009111996,1.79733203,0.02713679,66468334164890.90
2022-10-21,15278937.96,7165,435,76786.98088,155.8718772,19172.46875,32459287866,1299.946411,10412565245,1.79733203,0.02713679,67779629223802.5
2022-10-22,15285081.07,7166,403,67134.229,133.8845939,19208.189453,16104440957,1314.299194,7175324564,1.79733203,0.02713679,71296413576799.40
2022-10-23,15272055.76,7163,411,71892.90325,140.9704035,19567.007813,22128794335,1363.447021,9909510925,1.79733203,0.02713679,67590235334120.50
2022-10-24,15283467.77,7120,440,74790.85323,145.9606742,19345.572266,30202235805,1344.998535,13092820173,1.79733203,0.02713679,68137326630976.50
2022-10-25,15258051.17,7152,413,78190.27195,146.5328579,20095.857422,47761524910,1461.665405,25367291294,1.79733203,0.02713679,61285159355606.90
2022-10-26,15235441.71,7166,433,84524.05373,154.161736,20770.441406,58895950537,1566.56665,32705548427,1.79733203,0.02713679,58834404458080.50
2022-10-27,15248605.42,7162,455,85312.5363,155.2338732,20285.835938,49625110402,1514.374878,22813499245,1.79733203,0.02713679,60319392775275.20
2022-10-28,15233214.1,7152,448,78574.2219,148.1589765,20595.351563,43994715910,1555.477905,19974623205,1.79733203,0.02713679,57188497450057.80
2022-10-29,15240694.03,7150,420,78080.53399,145.2867133,20818.476563,40369840645,1619.698486,21618154775,1.79733203,0.02713679,58496793024758.50
2022-10-30,15238328.37,7168,443,76524.71401,144.17899,20635.603516,31486345556,1590.783325,13930073427,1.79733203,0.02713679,58350377193135.40
2022-10-31,15238342.58,7161,417,76580.27873,148.4775869,20495.773438,45668466815,1572.714478,19306919714,1.79733203,0.02713679,54052854734952.00
2022-11-01,15162874.61,7137,443,77529.63248,150.201205,20485.273438,39819303159,1579.70459,14507311208,1.93071305,0.2496431,42957155946922.300
2022-11-02,15203062.53,7156,440,75674.85299,141.9710732,20159.503906,55552169483,1519.711792,23254218281,1.93071305,0.2496431,47359064700438.30
2022-11-03,15181203.45,7155,414,74663.97456,152.8968553,20209.988281,43228750179,1531.541748,14248351007,1.93071305,0.2496431,45510477503086.10
2022-11-04,15163778.68,7168,424,77715.70006,141.4808873,21147.230469,64072727950,1645.093384,20806964347,1.93071305,0.2496431,40785908433627.6
2022-11-05,15208103.07,7157,435,72700.80928,133.0259885,21282.691406,37846047609,1627.968018,11006973190,1.93071305,0.2496431,52186849754504.10
2022-11-06,15195238.33,7168,398,77750.93987,134.3254743,20926.486328,35082693210,1572.234741,11632744705,1.93071305,0.2496431,46698990730219.70
2022-11-07,15161413.2,7168,431,81092.42006,154.3960658,20602.816406,53510852236,1568.591309,15279963349,1.93071305,0.2496431,38747939426775.800
2022-11-08,15154724.99,7165,393,88979.6268,157.9969295,18541.271484,118992465607,1332.835571,42048003440,1.93071305,0.2496431,36737008549584.80
2022-11-09,15155323.2,7146,377,92782.94374,170.6756227,15880.780273,102905151606,1100.1698,38864492427,1.93071305,0.2496431,33373668911814.800
2022-11-10,15134796.38,7161,485,85277.23474,165.4282921,17586.771484,83202283721,1299.4646,28581002122,1.93071305,0.2496431,38267951963187.50
2022-11-11,15150300.16,7151,416,82450.30597,156.4769962,17034.292969,55871616488,1287.221069,20920539099,1.93071305,0.2496431,36535647265659.50
2022-11-12,15181092.3,7168,423,75008.30371,144.1738281,16799.185547,29717699419,1255.268311,10964962767,1.93071305,0.2496431,46257692716087.4
2022-11-13,15173478.76,7172,434,74334.99275,158.0370887,16353.365234,27209183682,1221.819214,10717455214,1.93071305,0.2496431,41906976871882.00
2022-11-14,15159305.0,7167,465,81660.74159,166.4328171,16618.199219,49630243054,1241.604248,15028035663,1.93071305,0.2496431,34264135431884.30
2022-11-15,15133696.41,7151,428,76642.0881,158.9862956,16884.613281,36599436183,1251.736206,11798011594,1.93071305,0.2496431,37092274155265.10
2022-11-16,15171654.71,7150,434,72024.90657,151.5798601,16669.439453,33925512989,1215.602539,11939561598,1.93071305,0.2496431,42759278487571.40
2022-11-17,15160985.0,7159,417,74656.26568,154.1278111,16687.517578,27868914022,1200.808594,9723646871,1.93071305,0.2496431,39868201048169.000
2022-11-18,15187846.34,7159,439,69972.34027,140.8695349,16697.777344,26862218609,1212.300293,7979913378,1.93071305,0.2496431,45933371458117.20
2022-11-19,15212717.6,7165,414,69390.94962,127.2700628,16711.546875,16106223492,1218.426758,5978745776,1.93071305,0.2496431,52948660453217.60
2022-11-20,15187743.41,7163,416,74488.85858,129.4475778,16291.832031,21313378652,1142.466675,9651002684,1.93071305,0.2496431,46290580188974.40
2022-11-21,15166462.78,7163,395,77330.58272,134.5740611,15787.28418,37429485518,1108.353027,14080099208,1.93071305,0.2496431,41654865522491.70
2022-11-22,15172146.27,7150,367,77278.54573,134.6746853,16189.769531,30726828760,1135.173462,12040670755,1.93071305,0.2496431,42272004845430.700
2022-11-23,15180365.3,7137,416,76098.67199,136.2709822,16610.707031,32958875628,1183.199585,11242676044,1.93071305,0.2496431,44302998251109.300
2022-11-24,15220427.23,7166,428,70351.16202,138.1805749,16604.464844,26129037414,1203.983154,9706372376,1.93071305,0.2496431,54960009930336.20
2022-11-25,15225962.38,7156,432,68249.77641,139.6203186,16521.841797,18678255976,1198.925903,5483308196,1.93071305,0.2496431,56536709859265.30
2022-11-26,15218969.91,7159,416,71239.88001,130.6031569,16464.28125,18000008764,1205.897949,5074160558,1.93071305,0.2496431,53960099323494.50
2022-11-27,15224559.0,7159,425,68460.24557,123.1088141,16444.626953,20443898509,1195.126953,4486976868,1.93071305,0.2496431,55461657729820.300
2022-11-28,15177346.02,7175,389,73283.92,151.5987456,16217.322266,27743025156,1170.086182,7275411870,1.93071305,0.2496431,43947129738290.900
2022-11-29,15169094.77,7152,447,76430.84494,146.4467282,16444.982422,23581685468,1216.901245,7639405818,1.93071305,0.2496431,41832620186537.20
2022-11-30,15157512.42,7151,409,78334.91512,143.5474759,17168.566406,29523576583,1295.688599,9836925304,1.93071305,0.2496431,38296337182414.00
2022-12-01,15186369.27,7163,408,76578.14631,137.3920145,16967.132813,22895392882,1276.273926,6857935276,1.57612515,0.8279474,46034002964291.30
2022-12-02,15179699.45,7167,415,74826.30613,144.1261337,17088.660156,19539705127,1294.303345,6213645709,1.57612515,0.8279474,44294700171556.2
2022-12-03,15198694.35,7163,418,70443.34664,134.5471171,16908.236328,16217776704,1243.334839,5672609405,1.57612515,0.8279474,49467588402174.00
2022-12-04,15222822.29,7154,406,69496.2414,134.4942689,17130.486328,16824520830,1280.256592,5174128454,1.57612515,0.8279474,55030271780647.100
2022-12-05,15190021.75,7144,386,74650.04787,141.1261198,16974.826172,22209086834,1259.676758,6120359523,1.57612515,0.8279474,46451232701823.40
2022-12-06,15179565.55,7170,426,75964.29456,146.3132497,17089.503906,19889922369,1271.653809,5089212680,1.57612515,0.8279474,44173762534927.70
2022-12-07,15199929.46,7075,452,77857.57541,137.4022615,16848.126953,19675404389,1232.4375,5752205180,1.57612515,0.8279474,49448781227063.60
2022-12-08,15212877.48,7161,409,71554.51529,129.0164781,17233.474609,20496603770,1281.116333,6227269815,1.57612515,0.8279474,52936042707502.20
2022-12-09,15147003.52,7152,460,81863.10375,270.2336409,17133.152344,20328426366,1264.28479,5706183865,1.57612515,0.8279474,35248607636467.70
2022-12-10,15198294.56,7165,436,71448.87732,153.9705513,17128.724609,12706781969,1266.384155,3282499999,1.57612515,0.8279474,49582491832092.10
2022-12-11,15221297.74,7160,415,70985.36983,149.1748603,17104.193359,14122486832,1263.86853,3362005848,1.57612515,0.8279474,54366739791862.10
2022-12-12,15179657.94,7156,420,78245.39435,165.1762158,17206.4375,19617581341,1274.619019,5151109364,1.57612515,0.8279474,41944617405741.50
2022-12-13,15139226.31,7151,386,82501.03035,160.9618235,17781.318359,26634741631,1320.549194,8812883119,1.57612515,0.8279474,36169945212804.900
2022-12-14,15159864.45,7163,401,81211.37191,152.8856624,17815.650391,25534481470,1309.328735,7830915428,1.57612515,0.8279474,39878875365103.40
2022-12-15,15161118.75,7156,407,82820.15525,150.9468977,17364.865234,20964448341,1266.353882,6032859783,1.57612515,0.8279474,39214514860434.50
2022-12-16,15135838.17,7160,415,81815.42137,161.0715084,16647.484375,24031608960,1168.259399,9297811507,1.57612515,0.8279474,32168354082030.900
2022-12-17,15157397.42,7163,414,79973.58858,145.2768393,16795.091797,14463581825,1188.149536,5077258586,1.57612515,0.8279474,40044386767352.10
2022-12-18,15192374.74,7162,422,77551.4549,128.0113097,16757.976563,10924354698,1184.71521,3350092519,1.57612515,0.8279474,48525944300811.600
2022-12-19,15173151.56,7164,409,75184.11474,138.8534338,16439.679688,17221074814,1167.609863,4943628091,1.57612515,0.8279474,40446460653673.40
2022-12-20,15134936.57,7168,411,83226.93443,138.4584263,16906.304688,22722096615,1217.703613,6684951715,1.57612515,0.8279474,34650258287730.90
2022-12-21,15156127.62,7163,404,84773.04021,143.6659221,16817.535156,14882945045,1213.599976,4217182733,1.57612515,0.8279474,39017736532954.6
2022-12-22,15172975.3,7178,441,78931.27278,137.8608247,16830.341797,16441573050,1218.182129,5297471739,1.57612515,0.8279474,42306343440412.60
2022-12-23,15164534.7,7180,454,82426.87702,145.5114206,16796.953125,15329265213,1220.159424,4835831923,1.57612515,0.8279474,41057889355877.600
2022-12-24,15218815.75,7166,416,72980.50377,127.1988557,16847.755859,9744636213,1221.14856,2626153345,1.57612515,0.8279474,54003182035510.90
2022-12-25,15246998.74,7168,444,71780.09403,116.6886161,16841.986328,11656379938,1218.962036,3942720070,1.57612515,0.8279474,60844930566872.70
2022-12-26,15201441.59,7162,414,79960.96803,130.9205529,16919.804688,11886957804,1226.974365,3282098400,1.57612515,0.8279474,49209455655484.20
2022-12-27,15183992.11,7156,430,81373.73016,143.2747345,16717.173828,15748580239,1212.791626,4091530737,1.57612515,0.8279474,45077783823473.40
2022-12-28,15173801.8,7173,431,83923.21734,136.2594451,16552.572266,17005713920,1189.986084,4991669631,1.57612515,0.8279474,42185270122473.60
2022-12-29,15179545.29,7161,443,82277.99735,132.052367,16642.341797,14472237479,1201.595337,4132233940,1.57612515,0.8279474,43431523718879.10
2022-12-30,15183657.13,7166,421,81358.06168,131.8407759,16602.585938,15929162910,1199.232788,4055668253,1.57612515,0.8279474,44235728339972.400
2022-12-31,15207202.15,7166,437,76168.10941,120.8213787,16547.496094,11239186456,1196.77124,3018513333,1.57612515,0.8279474,52702932497718.20
2023-01-01,15256116.08,7172,468,63331.79113,103.5673452,16625.080078,9244361700,1200.964844,2399674550,1.78309897,1.35596652,62802359426396.7
2023-01-02,15182610.73,7171,418,77435.36857,128.3330079,16688.470703,12097775227,1214.656616,3765758498,1.78309897,1.35596652,44288097261474.90
2023-01-03,15178718.45,7168,451,79775.94448,132.2706473,16679.857422,13903079207,1214.778809,3392972131,1.78309897,1.35596652,44053270580620.50
2023-01-04,15159390.83,7170,430,84706.92343,145.9398884,16863.238281,18421743322,1256.526611,6404416893,1.78309897,1.35596652,37853098682462.00
2023-01-05,15146134.52,7153,418,87273.97763,159.7676499,16836.736328,13692758566,1250.438599,4001786456,1.78309897,1.35596652,36389948223547.40
2023-01-06,15154631.72,7160,436,87350.58715,143.5938547,16951.96875,14413662913,1269.379028,4977252792,1.78309897,1.35596652,39313593511424.000
2023-01-07,15195916.24,7163,465,81948.31551,133.6879799,16955.078125,7714767174,1264.270386,2565213548,1.78309897,1.35596652,48817683509923.40
2023-01-08,15203753.55,7165,459,82704.26239,165.2636427,17091.144531,9768827914,1287.359497,3495088905,1.78309897,1.35596652,48072920067403.50
2023-01-09,15137051.37,7167,402,92878.79378,152.5987163,17196.554688,18624736866,1321.53894,7990438824,1.78309897,1.35596652,33003059176376.600
2023-01-10,15147499.55,7166,451,91099.88376,148.0679598,17446.292969,15808338949,1336.58606,5830173253,1.78309897,1.35596652,37040062583014.800
2023-01-11,15142117.89,7155,418,92326.55821,151.3875611,17934.896484,18372283782,1387.932739,6314904311,1.78309897,1.35596652,34068701484725.60
2023-01-12,15133892.49,7156,425,93096.2289,151.6996926,18869.587891,34971338710,1417.938477,12230193038,1.78309897,1.35596652,33854356051326.900
2023-01-13,15137565.85,7162,405,94888.48925,150.2831611,19909.574219,29225029694,1451.614868,7684148212,1.78309897,1.35596652,33446300810237.30
2023-01-14,15134147.01,7170,419,97350.50404,154.5054393,20976.298828,38967784639,1550.706909,15444626014,1.78309897,1.35596652,32214683870400.200
2023-01-15,15154909.77,7146,411,90292.4499,140.0471592,20880.798828,19298407543,1552.479492,6774614499,1.78309897,1.35596652,39467348322784.90
2023-01-16,15138644.63,7160,440,91633.04791,147.6653631,21169.632813,26792494050,1576.833496,8454485431,1.78309897,1.35596652,32579117410778.90
2023-01-17,15135069.21,7171,415,89625.5896,142.009901,21161.519531,24999983362,1567.846069,7599462786,1.78309897,1.35596652,32814317469946.20
2023-01-18,15132284.32,7165,421,80192.50705,156.0676902,20688.78125,30005625418,1515.506958,10354880595,1.78309897,1.35596652,31701524025291.300
2023-01-19,15140093.65,7160,478,77456.64162,140.6599162,21086.792969,21152848261,1552.556519,6432638856,1.78309897,1.35596652,36804713817069.00
2023-01-20,15161677.75,7168,455,76295.96791,142.9274554,22676.552734,28799154319,1659.75415,8528894754,1.78309897,1.35596652,38749578084758.300
2023-01-21,15153637.68,7163,403,77694.96733,138.7792824,22777.625,32442278429,1627.118164,8859250310,1.78309897,1.35596652,37810894108807.10
2023-01-22,15208334.09,7160,398,69726.55936,124.2756983,22720.416016,24746386230,1628.38208,7517988734,1.78309897,1.35596652,53204369401122.70
2023-01-23,15189497.87,7165,399,75186.96232,132.2714585,22934.431641,26518700512,1628.251099,8264507375,1.78309897,1.35596652,46594109132888.30
2023-01-24,15159098.59,7166,438,81561.35654,144.0542841,22636.46875,26405069715,1556.604248,8180274691,1.78309897,1.35596652,39033987993110.300
2023-01-25,15163885.58,7158,403,80926.32677,142.5963956,23117.859375,30685366709,1611.71106,10598973448,1.78309897,1.35596652,38417826111788.20
2023-01-26,15140844.11,7166,412,82041.66704,146.3667318,23032.777344,26357839322,1603.105957,8395315241,1.78309897,1.35596652,36185666978896.200
2023-01-27,15154931.56,7153,382,83235.52454,153.808472,23078.728516,25383335641,1598.156494,8124465373,1.78309897,1.35596652,38638247468156.60
2023-01-28,15190026.42,7169,412,76680.75045,134.5276887,23031.089844,14712928379,1572.435059,5803653357,1.78309897,1.35596652,47475133886450.500
2023-01-29,15180608.68,7159,395,78836.81925,139.4367928,23774.566406,27423687259,1646.15564,8801292300,1.78309897,1.35596652,43590867595065.20
2023-01-30,15139458.99,7168,407,83219.76911,149.9115513,22840.138672,27205595568,1567.326538,9180418120,1.78309897,1.35596652,33983329407267.40
2023-01-31,15148245.43,7163,432,83131.60533,151.6632696,23139.283203,22837828665,1586.5354,6585191019,1.78309897,1.35596652,35778919789605.90
2023-02-01,15136523.85,7159,417,83126.29823,148.657075,23723.769531,26683255504,1641.792725,8116969489,1.42020217,1.43385141,33544321249891.200
2023-02-02,15128291.6,7141,396,86408.00168,154.6161602,23471.871094,32066936882,1643.241577,10558081069,1.42020217,1.43385141,31131459243187.500
2023-02-03,15121252.35,7153,397,87938.61778,149.9521879,23449.322266,27083066007,1664.745605,8169519805,1.42020217,1.43385141,30287948648871.100
2023-02-04,15134035.7,7156,401,83089.17091,148.7698435,23331.847656,15639298538,1667.059204,5843302512,1.42020217,1.43385141,32461410218125.400
2023-02-05,15136755.79,7166,400,82753.12769,149.263885,22955.666016,19564262605,1631.645874,6926696531,1.42020217,1.43385141,34593690771812.80
2023-02-06,15141304.04,7167,396,86323.37868,150.2928701,22760.109375,23825006542,1616.24707,6919871886,1.42020217,1.43385141,32496642337503.100
2023-02-07,15121818.0,7148,418,86058.4765,159.881925,23264.291016,27187964471,1672.00354,8030277434,1.42020217,1.43385141,28640628395839.90
2023-02-08,15109703.56,7139,437,87422.62502,157.0549097,22939.398438,25371367758,1650.716797,7806089579,1.42020217,1.43385141,28306911786876.100
2023-02-09,15128535.15,7155,397,91914.55779,151.2881901,21819.039063,32572572185,1546.438232,10524969124,1.42020217,1.43385141,31048332660181.700
2023-02-10,15121575.0,7168,427,90175.98563,149.5026507,21651.183594,27078406594,1514.869141,8397387897,1.42020217,1.43385141,31009555093988.30
2023-02-11,15159989.8,7158,429,80696.0482,134.3242526,21870.875,16356226232,1539.926758,5064007416,1.42020217,1.43385141,40393550037326.90
2023-02-12,15167446.76,7158,440,81777.48072,133.1405421,21788.203125,17821046406,1515.033691,5319698775,1.42020217,1.43385141,39507251803627.60
2023-02-13,15134713.76,7159,433,90683.37086,147.3309121,21808.101563,23918742607,1507.165894,9363855114,1.42020217,1.43385141,34987978435382.900
2023-02-14,15159368.42,7148,426,88094.38165,159.7364298,22220.804688,26792596581,1556.875122,9249575045,1.42020217,1.43385141,35677425528335.00
2023-02-15,15100266.37,7152,429,93864.38828,162.3152964,24307.841797,32483312909,1673.745972,10015035156,1.42020217,1.43385141,24280533390349.400
2023-02-16,15104759.74,7158,397,95360.43462,159.0101984,23623.474609,39316664596,1640.067627,12704861676,1.42020217,1.43385141,25992049071740.30
2023-02-17,15111496.45,7097,390,96205.59687,150.3106947,24565.601563,41358451255,1694.783325,9802443159,1.42020217,1.43385141,29211324835409.900
2023-02-18,15131880.12,7109,372,94855.1764,136.8497679,24641.277344,19625427158,1691.819458,5491437195,1.42020217,1.43385141,33636933186890.000
2023-02-19,15134661.45,7117,370,100424.4869,140.8457215,24327.642578,25555105670,1681.436157,6959144003,1.42020217,1.43385141,32308195872803.8
2023-02-20,15135324.96,7129,400,109068.162,148.6379576,24829.148438,28987376573,1702.675171,7703604237,1.42020217,1.43385141,32627112693614.900
2023-02-21,15131805.77,7115,357,106062.9806,152.3949403,24436.353516,31252098714,1658.036377,8721608198,1.42020217,1.43385141,31160017843465.00
2023-02-22,15145694.91,7096,417,106556.3148,152.3166573,24188.84375,30199996781,1643.231689,9189387004,1.42020217,1.43385141,34872439794307.800
2023-02-23,15124168.07,7118,415,103332.8994,153.6298117,23947.492188,30476264066,1651.073853,9013236167,1.42020217,1.43385141,31232286958206.800
2023-02-24,15141794.42,7085,439,103976.7537,154.6606916,23198.126953,26811744928,1608.373169,8909129423,1.42020217,1.43385141,35379017523944.600
2023-02-25,15161640.65,7112,421,91693.22863,139.9365861,23175.375,16100721565,1594.914917,5657686235,1.42020217,1.43385141,41225166377167.60
2023-02-26,15171730.62,7119,449,89707.1437,138.0420003,23561.212891,16644534842,1640.817139,5727967432,1.42020217,1.43385141,41387307466835.900
2023-02-27,15145367.06,7133,403,97088.76938,144.9757465,23522.871094,22660763494,1634.326416,7239824677,1.42020217,1.43385141,35616720139176.00
2023-02-28,15128236.31,7109,378,94595.37642,146.9452806,23147.353516,20535363434,1605.895142,6323676957,1.42020217,1.43385141,32432659372310.900
2023-03-01,15137030.11,7118,422,96257.66311,151.9186569,23646.550781,24662841200,1663.433716,7701847224,2.05963636,2.60005624,31882910435992.100
2023-03-02,15129149.33,7099,394,94460.35681,153.3948443,23475.466797,20386398516,1647.319336,7080950926,2.05963636,2.60005624,32439212145241.10
2023-03-03,15127963.42,7099,422,95722.02944,153.8511058,22362.679688,26062404610,1569.167603,9922240199,2.05963636,2.60005624,31516578875278.800
2023-03-04,15138254.3,7108,431,101033.7694,136.6287282,22353.349609,11166012913,1566.92395,4389045367,2.05963636,2.60005624,34199615138602.50
2023-03-05,15135219.3,7120,413,99575.00941,132.1429775,22435.513672,13317001733,1564.46875,5020886238,2.05963636,2.60005624,31975706331479.60
2023-03-06,15122134.01,7112,498,101210.9761,145.8354893,22429.757813,17353192895,1567.398682,5245153345,2.05963636,2.60005624,29146749333123.200
2023-03-07,15115535.21,7116,466,97429.38196,145.4682406,22219.769531,22765452204,1561.933105,6854058349,2.05963636,2.60005624,28847498178030.300
2023-03-08,15123680.26,7105,436,99756.54792,142.4028149,21718.080078,22536575684,1534.088257,7130327525,2.05963636,2.60005624,29402833946782.500
2023-03-09,15108208.87,7113,429,100964.7028,145.8944187,20363.021484,30364664171,1438.660767,9457897583,2.05963636,2.60005624,27816297010704.200
2023-03-10,15121826.45,7082,371,100341.8125,150.5153911,20187.244141,39578257695,1429.158081,12665194936,2.05963636,2.60005624,28782203239224.50
2023-03-11,15097919.86,7114,347,90389.72041,144.9651392,20632.410156,30180288176,1482.616699,14917080154,2.05963636,2.60005624,25497845932133.700
2023-03-12,15134027.1,7109,352,90318.31284,137.1336334,22163.949219,29279035521,1590.292969,11480965122,2.05963636,2.60005624,32265277164531.500
2023-03-13,15105126.77,7125,350,91746.8814,164.7333333,24197.533203,49466362688,1680.30896,15711468959,2.05963636,2.60005624,27922863806670.100
2023-03-14,15129515.32,7118,338,96852.62616,155.3208767,24746.074219,54622230164,1703.50708,16159781303,2.05963636,2.60005624,30158100959440.40
2023-03-15,15120527.29,7101,361,98568.37234,151.6324461,24375.960938,43655701450,1656.180542,12715339905,2.05963636,2.60005624,30527511838687.500
2023-03-16,15131268.26,7119,353,100533.3512,146.47605,25052.789063,33866061747,1677.215454,9364980166,2.05963636,2.60005624,29432864437107.30
2023-03-17,15121447.85,7116,345,101003.6667,150.1358909,27423.929688,50730261335,1792.485107,12467445117,2.05963636,2.60005624,31946651846980.600
2023-03-18,15129122.99,7121,306,99609.31653,143.7496138,26965.878906,35723036817,1761.659668,10317822213,2.05963636,2.60005624,34314860854627.100
2023-03-19,15155621.03,7114,356,103914.3447,139.4936744,28038.675781,37769448859,1785.576538,9170565472,2.05963636,2.60005624,37226503919116.7
2023-03-20,15124688.74,7132,377,103528.6743,157.5185081,27767.236328,44774027664,1735.321289,10978325507,2.05963636,2.60005624,31879368517699.20
2023-03-21,15127929.5,7115,379,108252.0121,152.008714,28175.816406,36102192830,1806.760742,10758627746,2.05963636,2.60005624,29769375674276.500
2023-03-22,15115967.54,7125,401,105783.3704,150.6033684,27307.4375,33382021890,1737.717041,12484103560,2.05963636,2.60005624,29591588018643.700
2023-03-23,15123580.14,7104,396,130033.6906,151.6476633,28333.972656,24220433689,1816.405151,11012966854,2.05963636,2.60005624,30029399963655.600
2023-03-24,15112483.15,7121,440,120807.9188,152.2582502,27493.285156,25980310960,1752.0448,10913669383,2.05963636,2.60005624,27666193136586.20
2023-03-25,15118347.68,7122,414,112675.9841,147.7695872,27494.707031,13383005987,1743.764771,6614309912,2.05963636,2.60005624,28981340216061.800
2023-03-26,15117051.82,7122,407,113062.5562,142.019517,27994.330078,13878363192,1775.676758,6990313307,2.05963636,2.60005624,30459482856969.600
2023-03-27,15115544.06,7115,440,118144.4204,154.6200984,27139.888672,18188895178,1715.460815,8585750760,2.05963636,2.60005624,26561535494230.600
2023-03-28,15115344.24,7111,438,115640.442,161.6758543,27268.130859,17783600385,1772.785645,8346890042,2.05963636,2.60005624,27551479975795.500
2023-03-29,15108036.49,7113,459,113731.2006,163.7863068,28348.441406,20684945906,1793.001831,9136176952,2.05963636,2.60005624,25416357624214.400
2023-03-30,15107247.01,7118,432,120828.934,166.8901377,28033.5625,22435349951,1792.737183,9724496987,2.05963636,2.60005624,27496659309111.500
2023-03-31,15117977.92,7124,458,111634.4822,161.5282145,28478.484375,19001327598,1822.022095,9149379763,2.05963636,2.60005624,29415653529095.500
2023-04-01,15115183.48,7114,470,110065.3056,143.3993534,28411.035156,10876469901,1813.860596,5556443606,1.44391386,1.24802557,29606720468451.600
2023-04-02,15160733.84,7099,417,109046.8797,138.2203127,28199.308594,12284641999,1795.70813,6199721188,1.44391386,1.24802557,37620998078843.50
2023-04-03,15122611.04,7078,426,117278.2043,148.6710935,27790.220703,19556501327,1810.297119,9643826401,1.44391386,1.24802557,31403333759901.900
2023-04-04,15122780.92,7021,449,125590.1587,152.218345,28168.089844,15284538859,1871.005127,10398322335,1.44391386,1.24802557,29146474595765.40
2023-04-05,15103144.34,7042,486,129997.8424,159.5701505,28177.984375,17052315986,1909.114014,10319231689,1.44391386,1.24802557,25849182280290.80
2023-04-06,15121740.81,6995,501,121377.233,148.2341673,28044.140625,13837809380,1872.922607,8263191830,1.44391386,1.24802557,30371313666689.900
2023-04-07,15140319.15,7058,490,118264.982,147.8537829,27925.859375,10861680497,1865.636108,8356130492,1.44391386,1.24802557,34396257606309.800
2023-04-08,15168642.65,7062,469,117079.2635,130.9510054,27947.794922,9373255556,1849.498169,5016362733,1.44391386,1.24802557,42299411233510.20
2023-04-09,15172992.7,7045,447,122363.9498,135.8266856,28333.050781,12175322951,1859.387817,6361497715,1.44391386,1.24802557,43692719546150.5
2023-04-10,15151896.75,7064,459,121645.3971,143.8958097,29652.980469,19282400094,1911.20752,8380134275,1.44391386,1.24802557,36696260413910.20
2023-04-11,15123096.09,7061,473,121619.9727,153.5904263,30235.058594,20121259843,1892.189697,8877222956,1.44391386,1.24802557,30858012803744.30
2023-04-12,15127951.03,7016,477,122134.4062,145.6145952,30139.052734,18651929926,1920.682129,11010714187,1.44391386,1.24802557,31471602615571.500
2023-04-13,15125482.29,6508,517,122093.0513,168.218193,30399.066406,17487721001,2012.634644,12546950499,1.44391386,1.24802557,31011745184453.00
2023-04-14,15099838.17,7006,491,121774.5862,166.4847274,30485.699219,22659995079,2101.635498,16298099411,1.44391386,1.24802557,24636650682622.900
2023-04-15,15164921.14,7020,504,112377.7981,150.4689459,30318.496094,11940685378,2092.466797,8036468153,1.44391386,1.24802557,41538790244325.40
2023-04-16,15227243.33,7042,519,102819.7248,121.3077251,30315.355469,12854816417,2120.005859,7898126856,1.44391386,1.24802557,55753823054841.00
2023-04-17,15117962.92,7065,484,125862.4887,143.2383581,29445.044922,17872186762,2076.24292,9648882546,1.44391386,1.24802557,27711552118554.90
2023-04-18,15091182.85,7068,522,112551.18,151.401811,30397.552734,19480529496,2104.537354,9134015143,1.44391386,1.24802557,21165566294320.600
2023-04-19,15088701.94,7081,488,117208.1405,153.2362661,28822.679688,24571565421,1936.403442,13779745451,1.44391386,1.24802557,20649798894098.500
2023-04-20,15082659.23,7027,484,114694.6454,152.7787107,28245.988281,21340360360,1943.097656,11324135406,1.44391386,1.24802557,21714161002121.100
2023-04-21,15109767.72,7098,487,103950.9997,142.2710623,27276.910156,20759504330,1849.999878,12044274581,1.44391386,1.24802557,28888136677539.70
2023-04-22,15191755.2,7137,562,102312.4842,120.78044,27817.5,13125734602,1874.228638,6970642726,1.44391386,1.24802557,45395887815602.3
2023-04-23,15157180.56,7131,561,103583.5932,121.6752209,27591.384766,12785446832,1862.062012,6607451862,1.44391386,1.24802557,41314793551864.30
2023-04-24,15147224.83,7131,523,105847.0095,131.9315664,27525.339844,17703288330,1842.757446,8438191338,1.44391386,1.24802557,37022892158230.30
2023-04-25,15144386.5,7123,542,105061.1084,137.0645795,28307.597656,17733373139,1866.753662,8677255481,1.44391386,1.24802557,36054451048557.60
2023-04-26,15147785.26,7125,489,107167.8077,137.2801404,28422.701172,31854242019,1866.564209,14356524696,1.44391386,1.24802557,36776224017027.70
2023-04-27,15172390.22,7110,554,107197.1325,132.1043601,29473.787109,27153445027,1908.786377,14008145806,1.44391386,1.24802557,42840495838612.00
2023-04-28,15140841.52,7121,553,101306.6941,138.6952675,29340.261719,17544464887,1892.512817,7691759733,1.44391386,1.24802557,35308514881633.3
2023-04-29,15195778.82,7113,600,93076.55926,124.7150288,29248.488281,10662634333,1908.916992,4796651246,1.44391386,1.24802557,48906831536397.80
2023-04-30,15120916.71,7123,550,105854.7265,136.8765969,29268.806641,14652199272,1876.924316,6539641957,1.44391386,1.24802557,29248617773706.00
2023-05-01,15079036.99,7109,505,102486.8282,155.02321,28091.568359,18655599976,1831.954834,8625783201,1.53690406,1.14790584,17576022016098.800
2023-05-02,15080983.36,7111,491,99673.64154,158.6000563,28680.537109,16432924527,1870.789307,7536785767,1.53690406,1.14790584,18675765468912.200
2023-05-03,15082658.43,7100,447,105097.5606,157.344507,29006.308594,19122972518,1904.651855,8306390869,1.53690406,1.14790584,21433351496211.300
2023-05-04,15096172.34,7123,477,100277.1268,155.8626983,28847.710938,15548678514,1877.704102,6578438233,1.53690406,1.14790584,22664398218873.20
2023-05-05,15067670.47,7129,423,97049.16664,169.5255997,29534.384766,17936566518,1995.060913,9498261360,1.53690406,1.14790584,15050953483103.100
2023-05-06,15057945.48,7109,425,99876.99803,161.1429174,28904.623047,15913866714,1900.221802,9623243037,1.53690406,1.14790584,15099675169378.20
2023-05-07,15080507.98,7112,440,93940.55385,154.8772497,28454.978516,11301355486,1873.076416,6883942236,1.53690406,1.14790584,18963907243668.100
2023-05-08,15067386.61,7115,459,99069.07561,161.0625439,27694.273438,19122903752,1849.042725,9895102899,1.53690406,1.14790584,18956066282113.00
2023-05-09,15082419.13,7112,398,104693.886,158.423369,27658.775391,14128593256,1848.603149,6129516088,1.53690406,1.14790584,20104582382709.000
2023-05-10,15081974.74,7107,452,110750.1603,152.8598565,27621.755859,20656025026,1842.401489,9945549603,1.53690406,1.14790584,20128122302714.900
2023-05-11,15075451.71,7042,394,108631.7256,156.1542176,27000.789063,16724343943,1796.490601,8353828312,1.53690406,1.14790584,18724076847631.50
2023-05-12,15088949.83,6917,478,111659.5787,154.8191412,26804.990234,19313599897,1808.019775,9047198660,1.53690406,1.14790584,24779796116235.80
2023-05-13,15116529.15,7080,509,116493.9621,140.4661017,26784.078125,9999171605,1796.114868,4647630864,1.53690406,1.14790584,29905655549185.100
2023-05-14,15127560.23,7052,508,110652.4348,140.7195122,26930.638672,10014858959,1800.500977,4711210241,1.53690406,1.14790584,31925696991531.900
2023-05-15,15097090.64,7083,514,117142.1032,154.1608076,27192.693359,14413231792,1817.549927,6748889346,1.53690406,1.14790584,22808186195134.30
2023-05-16,15098277.36,7084,477,129913.9248,151.4116318,27036.650391,12732238816,1824.12146,5595959668,1.53690406,1.14790584,23486740854840.00
2023-05-17,15104139.49,7073,464,129735.1941,147.544889,27398.802734,15140006925,1821.859619,6352161579,1.53690406,1.14790584,26413640889275.100
2023-05-18,15087237.23,7112,528,116119.9802,148.2567492,26832.208984,15222938600,1801.728516,5673124255,1.53690406,1.14790584,22277930865839.90
2023-05-19,15092222.35,7084,531,113343.9832,151.608978,26890.128906,11258983301,1812.589478,4796110259,1.53690406,1.14790584,23103559027972.400
2023-05-20,15124720.44,7110,525,112736.6977,147.6472574,27129.585938,7044911360,1820.478027,2951655969,1.53690406,1.14790584,32124090230479.70
2023-05-21,15119549.6,7095,551,116251.4581,143.0221283,26753.826172,8647416921,1804.531372,3386768865,1.53690406,1.14790584,29806610671551.60
2023-05-22,15088943.88,7110,496,115337.7198,151.2284107,26851.277344,11056770492,1817.53479,4534841049,1.53690406,1.14790584,20373727050130.500
2023-05-23,15082932.77,7094,498,112150.2914,156.9164082,27225.726563,13697203143,1854.380615,6820047160,1.53690406,1.14790584,20942286867729.40
2023-05-24,15083534.84,7112,467,123715.5295,148.3159449,26334.818359,16299104428,1800.099976,7101647419,1.53690406,1.14790584,21602655833341.60
2023-05-25,15087826.88,7110,497,127320.3662,149.4735584,26476.207031,13851122697,1805.953735,6321689859,1.53690406,1.14790584,21658787069062.40
2023-05-26,15085732.34,7120,472,129802.1449,148.8075843,26719.291016,12711619225,1828.689697,5451414258,1.53690406,1.14790584,21412611934189.700
2023-05-27,15126562.51,7126,537,124596.7913,137.8922257,26868.353516,7892015141,1831.118286,3216737652,1.53690406,1.14790584,31143820043152.100
2023-05-28,15113227.14,7130,492,129549.4749,135.9040673,28085.646484,14545229578,1910.914185,6359610561,1.53690406,1.14790584,28193455294551.700
2023-05-29,15081691.76,7113,470,121193.4898,152.1502882,27745.884766,15181308984,1893.078125,5884674572,1.53690406,1.14790584,20297840159620.500
2023-05-30,15082526.45,7104,509,122123.4696,167.6223255,27702.349609,13251081851,1901.026611,5363439784,1.53690406,1.14790584,19323574122960.3
2023-05-31,15085907.58,7101,516,124270.1298,154.647092,27219.658203,15656371534,1874.130493,5984512548,1.53690406,1.14790584,22814784058583.200
2023-06-01,15094688.32,7099,490,113935.0783,150.8916749,26819.972656,14678970415,1862.201416,5640027197,1.06063107,8.00560278,22719595784188.500
2023-06-02,15096043.31,7090,474,124334.9982,155.5706629,27249.589844,14837415000,1907.256592,6097746022,1.06063107,8.00560278,24649681024744.00
2023-06-03,15124810.95,7101,490,127685.0377,141.3595268,27075.128906,8385597470,1892.412476,3472274607,1.06063107,8.00560278,31342590199312.50
2023-06-04,15144348.0,7090,464,126344.0619,135.7480959,27119.066406,9360912318,1890.51355,3747042696,1.06063107,8.00560278,33213663811667.000
2023-06-05,15092030.87,7074,483,126886.6751,162.7948827,25760.097656,21513292646,1811.828369,9246593033,1.06063107,8.00560278,25211180813309.80
2023-06-06,15097411.54,7095,522,124526.7097,154.354334,27238.783203,21929670693,1884.494873,8704411776,1.06063107,8.00560278,24907641648407.400
2023-06-07,15127193.62,7089,490,121020.8958,151.11539,26345.998047,19530045082,1832.395996,7919894455,1.06063107,8.00560278,31577445300367.000
2023-06-08,15141910.9,7077,498,120772.7325,142.5154727,26508.216797,11904824295,1846.30188,4536041931,1.06063107,8.00560278,35156622899911.700
2023-06-09,15142127.21,7100,507,124599.3128,147.4614085,26480.375,11015551640,1840.22522,4610831509,1.06063107,8.00560278,35452252637957.30
2023-06-10,15133528.24,7105,459,121489.7536,169.5190711,25851.240234,19872933189,1752.384766,10788500406,1.06063107,8.00560278,34168969426271.600
2023-06-11,15200070.64,7095,493,123524.9821,155.8947146,25940.167969,10732609603,1753.415283,4559112981,1.06063107,8.00560278,49681882933284.20
2023-06-12,15148021.13,7103,497,129239.5281,137.4009573,25902.5,11677889997,1742.528687,6031384958,1.06063107,8.00560278,37038291537676.00
2023-06-13,15158680.26,7113,522,128065.1684,133.9003234,25918.728516,14143474486,1739.037598,6214125203,1.06063107,8.00560278,39529130925796.3
2023-06-14,15126932.53,7096,540,136985.128,144.2254791,25124.675781,14265717766,1650.519287,7462905534,1.06063107,8.00560278,30956997994674.90
2023-06-15,15091295.73,7107,522,130752.4158,156.1931898,25576.394531,15837384409,1665.519775,7328564880,1.06063107,8.00560278,23203738272480.60
2023-06-16,15108772.79,7120,501,125978.2281,161.0372191,26327.462891,16324646965,1716.668823,6281023479,1.06063107,8.00560278,26378184927691.100
2023-06-17,15148901.07,7142,494,128619.3027,137.8069168,26510.675781,11090276850,1727.204102,4875187477,1.06063107,8.00560278,38022956931079.20
2023-06-18,15192513.09,7126,466,113832.1713,140.5863037,26336.212891,9565695129,1720.577515,3820038842,1.06063107,8.00560278,48054716076543.10
2023-06-19,15158347.29,7121,505,116479.0646,146.9386322,26851.029297,12826986222,1737.659424,5210480121,1.06063107,8.00560278,39281925303411.50
2023-06-20,15134999.54,7120,497,131260.7136,150.568118,28327.488281,22211859147,1792.119995,7171072578,1.06063107,8.00560278,33097072955010.200
2023-06-21,15114907.01,7135,491,128807.5327,153.0082691,30027.296875,33346760979,1891.007202,11731457711,1.06063107,8.00560278,27978230999520.90
2023-06-22,15114377.56,7114,456,127231.3743,147.9242339,29912.28125,20653160491,1872.942993,8477657143,1.06063107,8.00560278,29659968350802.500
2023-06-23,15135326.31,7111,511,123664.2855,148.3583181,30695.46875,24115570085,1892.862061,8290615074,1.06063107,8.00560278,33267241302064.10
2023-06-24,15187247.36,7110,505,115355.7127,141.2887482,30548.695313,12147822496,1876.059692,5026191704,1.06063107,8.00560278,47424582215416.60
2023-06-25,15187040.28,7109,473,123544.1476,131.508651,30480.261719,12703464114,1900.506104,6937581709,1.06063107,8.00560278,46751369850152.300
2023-06-26,15153892.94,7105,504,131321.3868,140.3214638,30271.130859,16493186997,1859.432861,8619702292,1.06063107,8.00560278,38394849074985.40
2023-06-27,15120773.9,7097,488,138405.145,150.397351,30688.164063,16428827944,1889.703369,7686042202,1.06063107,8.00560278,29463601908034.100
2023-06-28,15107207.17,7144,487,137402.287,153.2028275,30086.246094,14571500779,1827.971191,7135265016,1.06063107,8.00560278,24391590791083.900
2023-06-29,15086986.05,7132,494,128956.4463,149.2352776,30445.351563,13180860821,1852.227295,5677228612,1.06063107,8.00560278,21704273260684.500
2023-06-30,15083294.52,7124,479,129743.7002,158.5042111,30477.251953,26387306197,1933.188965,12895131248,1.06063107,8.00560278,21615740841407.900
2023-07-01,15124602.54,7110,448,123770.5304,142.8745429,30590.078125,9086606733,1924.565918,5136809625,1.4260473,5.10470969,31285479985374.10
2023-07-02,15149799.7,7130,450,126045.0191,129.841655,30620.769531,10533418042,1937.438354,6343966490,1.4260473,5.10470969,37718559590009.50
2023-07-03,15113136.78,7112,471,127428.6848,149.2637795,31156.439453,15271884873,1955.38916,7858509087,1.4260473,5.10470969,27315584570551.200
2023-07-04,15188161.54,7112,538,125092.536,131.0382452,30777.582031,12810828427,1936.633545,5683423776,1.4260473,5.10470969,42447229489111.10
2023-07-05,15303989.78,7134,616,81882.11326,106.6142417,30514.166016,12481622280,1910.588013,6034088075,1.4260473,5.10470969,74703881391318.20
2023-07-06,15171178.39,7117,522,102569.3284,128.4642406,29909.337891,21129219509,1848.636475,8905008384,1.4260473,5.10470969,43718830952382.70
2023-07-07,15073521.62,7122,493,124136.0114,145.7934569,30342.265625,13384770155,1870.602539,6468885150,1.4260473,5.10470969,20346071046630.200
2023-07-08,15096958.07,7113,475,128617.4298,142.5679741,30292.541016,7509378699,1865.539551,4299007854,1.4260473,5.10470969,25589218232238.100
2023-07-09,15114691.6,7112,486,132286.8952,134.1927728,30171.234375,7903327692,1863.009766,4392863807,1.4260473,5.10470969,28917732235523.700
2023-07-10,15110783.26,7103,495,134190.1502,148.9311558,30414.470703,14828209155,1880.556396,6336468234,1.4260473,5.10470969,26666886659211.80
2023-07-11,15090394.16,7114,466,136491.4054,153.4197357,30620.951172,12151839152,1878.33606,4905225892,1.4260473,5.10470969,23170094690512.400
2023-07-12,15101203.59,7109,493,145932.1065,146.478689,30391.646484,14805659717,1872.11377,6379007000,1.4260473,5.10470969,22936344539320.900
2023-07-13,15090619.0,7104,476,147028.7317,157.8362894,31476.048828,23686079548,2006.511475,11114853969,1.4260473,5.10470969,21702682115064.80
2023-07-14,15086756.56,7108,443,140258.149,156.2087788,30334.068359,20917902660,1939.347046,10627449471,1.4260473,5.10470969,24415931550662.100
2023-07-15,15129403.56,7060,348,151157.6422,134.6600567,30295.806641,8011667756,1931.466553,4380084234,1.4260473,5.10470969,32649242839481.900
2023-07-16,15118892.03,7103,388,142640.176,133.2887512,30249.132813,8516564470,1923.681885,4329306566,1.4260473,5.10470969,28820250284248.50
2023-07-17,15086189.23,7137,373,136327.8851,145.2177385,30145.888672,13240156074,1911.646118,6678090758,1.4260473,5.10470969,20998070569305.900
2023-07-18,15083149.44,7128,456,133813.2438,164.9779742,29856.5625,13138897269,1897.599243,5814708445,1.4260473,5.10470969,19015692206476.800
2023-07-19,15080770.05,7129,429,137534.317,153.4272689,29913.923828,12128602812,1889.007935,6018487800,1.4260473,5.10470969,20690668387633.2
2023-07-20,15084769.28,7144,395,135726.0742,146.9078947,29792.015625,14655207121,1890.969116,7366830684,1.4260473,5.10470969,20405133210264.100
2023-07-21,15087205.42,7140,417,128426.6529,155.5857143,29908.744141,10972789818,1892.080078,4668158260,1.4260473,5.10470969,21131531116112.100
2023-07-22,15079429.69,7151,397,142345.4443,140.4522444,29771.802734,7873300598,1864.912354,4101305643,1.4260473,5.10470969,21589837919215.50
2023-07-23,15103278.89,7148,348,140225.7896,136.7242585,30084.539063,9220145050,1889.19165,4480604100,1.4260473,5.10470969,25131640921190.800
2023-07-24,15089339.75,7149,419,140042.2455,144.9573367,29176.916016,15395817395,1850.002075,6344373569,1.4260473,5.10470969,20571325012251.40
2023-07-25,15085590.39,7140,437,148832.5555,138.6903361,29227.390625,10266772793,1857.741943,4163381707,1.4260473,5.10470969,20783100544493.000
2023-07-26,15090454.15,7153,373,154034.3125,143.9043758,29354.972656,13497554655,1872.159912,5781548155,1.4260473,5.10470969,23016098750197.00
2023-07-27,15087223.95,7146,412,152257.1065,139.7173244,29210.689453,10770779217,1860.357178,4291339248,1.4260473,5.10470969,20543453612348.800
2023-07-28,15083389.01,7144,424,143968.1503,142.0214166,29319.246094,11218474952,1874.744873,3800973336,1.4260473,5.10470969,21995769982588.20
2023-07-29,15091089.47,7149,392,145035.3455,138.6433068,29356.917969,6481775959,1881.068848,2497302218,1.4260473,5.10470969,22362221630780.60
2023-07-30,15106532.82,7144,405,169552.0596,137.3400056,29275.308594,8678454527,1861.643799,4003005547,1.4260473,5.10470969,27298638975622.60
2023-07-31,15105283.33,7159,434,154613.779,146.4032686,29230.111328,11656781982,1856.162354,4391613314,1.4260473,5.10470969,24393097035841.500
2023-08-01,15083706.54,7161,379,145718.8541,149.1562631,29675.732422,18272392391,1871.792114,7634860636,1.60209539,4.30642606,20896031143895.900
2023-08-02,15080727.92,7161,404,141928.3997,145.5312107,29151.958984,19212655598,1839.089722,6448512422,1.60209539,4.30642606,20202223252242.300
2023-08-03,15086600.26,7145,446,152153.9656,146.8913926,29178.679688,12780357746,1835.136475,4710581074,1.60209539,4.30642606,22280079525269.60
2023-08-04,15093356.75,7152,389,155533.6797,150.357802,29074.091797,12036639988,1827.712891,4861242484,1.60209539,4.30642606,23488745397151.700
2023-08-05,15093483.06,7155,390,150721.1785,157.1449336,29042.126953,6598366353,1834.987915,2866049749,1.60209539,4.30642606,24211709215165.800
2023-08-06,15133057.99,7138,415,145642.7833,138.3449145,29041.855469,7269806994,1827.462036,2963395076,1.60209539,4.30642606,33021076490763.90
2023-08-07,15093902.67,7142,403,157001.4992,146.6446374,29180.578125,13618163710,1826.938843,5837881974,1.60209539,4.30642606,22761810960584.600
2023-08-08,15091938.79,7143,395,158545.5499,153.8133837,29765.492188,17570561357,1855.807373,5812855406,1.60209539,4.30642606,21504604547939.800
2023-08-09,15081808.47,7146,405,152531.1741,150.6570109,29561.494141,18379521213,1854.297607,5870081833,1.60209539,4.30642606,21584038523917.100
2023-08-10,15084414.81,7146,448,151942.8522,145.2187238,29429.591797,11865344789,1850.753418,3760304518,1.60209539,4.30642606,20907678763585.800
2023-08-11,15083454.01,7148,437,147380.2906,146.9226357,29397.714844,10195168197,1847.12439,3353025102,1.60209539,4.30642606,21521378740863.600
2023-08-12,15109241.99,7146,393,149081.8254,136.1375595,29415.964844,6194358008,1848.889893,2291124840,1.60209539,4.30642606,27289832961857.700
2023-08-13,15128702.89,7157,372,148529.8889,128.6575381,29282.914063,7329897180,1839.280151,3054625661,1.60209539,4.30642606,32540444539821.700
2023-08-14,15102527.68,7152,415,155932.9677,141.2151846,29408.443359,14013695304,1844.185791,4083364724,1.60209539,4.30642606,24538791892705.200
2023-08-15,15081103.52,7150,435,170631.3992,147.7475524,29170.347656,12640195779,1826.932739,4483923893,1.60209539,4.30642606,19887108082404.100
2023-08-16,15082351.68,7152,444,149514.2363,150.4510626,28701.779297,14949271904,1805.659058,4976573383,1.60209539,4.30642606,18646309604445.900
2023-08-17,15087084.65,7140,445,151093.464,149.2827731,26664.550781,31120851211,1684.933472,14208462072,1.60209539,4.30642606,20723992164641.70
2023-08-18,15074249.08,7141,462,145455.8937,151.4377538,26049.556641,24026236529,1660.945068,9645084584,1.60209539,4.30642606,21165875663749.30
2023-08-19,15089401.91,7143,417,157058.6349,145.8048439,26096.205078,10631443812,1669.471924,4871231360,1.60209539,4.30642606,24073569507182.300
2023-08-20,15123203.66,7142,426,154300.6228,132.0974517,26189.583984,9036580420,1684.852051,4105056995,1.60209539,4.30642606,31039983497037.20
2023-08-21,15095787.09,7144,441,154841.0392,141.4778835,26124.140625,13371557893,1667.269043,5077248383,1.60209539,4.30642606,21580653255107.10
2023-08-22,15080469.24,7154,468,144587.7104,145.4897959,26031.65625,14503820706,1633.892578,7244623133,1.60209539,4.30642606,20415360613939.100
2023-08-23,15078455.6,7158,409,160163.9602,146.021235,26431.640625,16985265785,1679.274414,7191868448,1.60209539,4.30642606,20118035509043.600
2023-08-24,15074718.32,7145,436,157728.6963,147.6885934,26162.373047,12871532023,1659.94458,5104531920,1.60209539,4.30642606,19223480934587.000
2023-08-25,15080938.47,7145,437,157141.8995,143.5608118,26047.667969,12406045118,1652.935059,5396997823,1.60209539,4.30642606,20297907915063.700
2023-08-26,15104643.86,7145,355,159257.8463,138.6695591,26008.462891,6034817316,1646.306763,2423247747,1.60209539,4.30642606,26568830849851.300
2023-08-27,15147604.48,7142,369,149980.5437,127.0106413,26089.693359,6913768611,1657.513062,2624065031,1.60209539,4.30642606,37703070097744.10
2023-08-28,15096712.17,7147,439,148567.6874,139.3372044,26106.150391,11002805166,1652.457397,4855588534,1.60209539,4.30642606,21822871193455.600
2023-08-29,15085500.75,7130,454,161771.3544,143.0143058,27727.392578,29368391712,1729.725708,11304916729,1.60209539,4.30642606,21401401634302.40
2023-08-30,15085649.62,7138,441,158305.3427,143.922107,27297.265625,16343655235,1705.112183,5023904190,1.60209539,4.30642606,23092385403825.60
2023-08-31,15085294.53,7146,471,166957.1819,141.3557235,25931.472656,20181001451,1645.63916,6593153505,1.60209539,4.30642606,20991161185901.800
2023-09-01,15104866.97,7142,420,156911.8372,140.9458135,25800.724609,17202862221,1628.491211,6104510092,1.69970754,3.32253749,27272761517943.200
2023-09-02,15137571.82,7124,384,155530.3069,143.7636159,25868.798828,10100387473,1637.025391,2943590996,1.69970754,3.32253749,34616698619241.00
2023-09-03,15121672.92,7145,412,158494.5149,145.2943317,25969.566406,8962524523,1636.117676,3151878318,1.69970754,3.32253749,30778828805238.700
2023-09-04,15124749.12,7162,426,151792.2254,132.9851997,25812.416016,10680635106,1629.655273,3887968912,1.69970754,3.32253749,30642934537586.000
2023-09-05,15129942.54,7141,445,163443.3427,139.2030528,25779.982422,11094740040,1633.629395,4417491902,1.69970754,3.32253749,28255538523524.500
2023-09-06,15078155.94,7133,449,160743.171,148.4564699,25753.236328,12752705327,1632.252319,4987397046,1.69970754,3.32253749,23518109902008.500
2023-09-07,15098596.2,7152,444,162601.8138,142.2104306,26240.195313,11088307100,1647.598267,4907290296,1.69970754,3.32253749,24142830132021.200
2023-09-08,15096096.77,7139,368,165176.9976,142.0783023,25905.654297,10817356400,1636.137817,4598495496,1.69970754,3.32253749,25195878069259.800
2023-09-09,15125957.75,7137,343,167661.9503,130.2227827,25895.677734,5481314132,1635.162354,2081625742,1.69970754,3.32253749,31490521875347.70
2023-09-10,15157485.75,7138,324,174202.3215,121.3992715,25832.226563,7899553047,1616.828857,4339499949,1.69970754,3.32253749,39831016890560.000
2023-09-11,15119025.63,7143,418,173455.0966,143.0233795,25162.654297,14600006467,1551.637695,7693700923,1.69970754,3.32253749,30067606451489.600
2023-09-12,15112034.48,7134,348,167821.5941,153.2040931,25833.34375,18657279324,1592.429443,6813819740,1.69970754,3.32253749,28039137932801.10
2023-09-13,15120356.43,7131,458,159746.9281,228.2793437,26228.324219,13072077070,1607.988525,4979469106,1.69970754,3.32253749,28945015914915.600
2023-09-14,15088332.92,7120,390,178679.3368,150.5042135,26539.673828,13811359124,1626.974365,5538958553,1.69970754,3.32253749,22714701064210.200
2023-09-15,15096905.51,7091,371,174851.2925,141.4058666,26608.693359,11479735788,1641.640381,4348584771,1.69970754,3.32253749,24808733447511.500
2023-09-16,15132475.49,7080,301,176711.6555,130.2788136,26568.28125,7402031417,1635.22168,2819575929,1.69970754,3.32253749,33263221700584.10
2023-09-17,15156087.86,7043,283,174361.3303,124.8933693,26534.1875,6774210670,1622.896729,3032716258,1.69970754,3.32253749,38655212829312.50
2023-09-18,15118124.4,7112,388,178477.1431,137.734955,26754.28125,15615339655,1637.347046,5916674789,1.69970754,3.32253749,29418570465659.900
2023-09-19,15109237.57,7137,347,173548.0849,140.5227687,27211.117188,13807690550,1643.544678,4405868861,1.69970754,3.32253749,26779305410637.200
2023-09-20,15102228.49,7150,385,170537.2759,141.6311888,27132.007813,13281116604,1622.890625,5156431986,1.69970754,3.32253749,26124702308372.80
2023-09-21,15109779.58,7140,410,170290.6731,158.420028,26567.632813,13371443708,1584.307007,5191732312,1.69970754,3.32253749,27464084214151.500
2023-09-22,15129322.87,7127,327,166432.442,136.8024414,26579.568359,10578746709,1593.268311,3460791634,1.69970754,3.32253749,32993335961119.10
2023-09-23,15200936.28,7142,317,161046.3883,120.9049286,26579.390625,7404700301,1593.857788,2101436678,1.69970754,3.32253749,50340892611410.900
2023-09-24,15169432.77,7140,316,161844.6877,123.7739496,26256.826172,8192867686,1580.853394,3086456944,1.69970754,3.32253749,42546397908986.20
2023-09-25,15116911.81,7148,390,173657.5182,138.6053442,26298.480469,11997833257,1588.322876,4394930984,1.69970754,3.32253749,28929564321960.000
2023-09-26,15103630.36,7146,424,167526.7747,145.7069689,26217.25,9985498161,1593.417236,3544861160,1.69970754,3.32253749,25202837199720.10
2023-09-27,15102443.85,7146,397,175606.7359,147.8956059,26352.716797,11718380997,1597.491211,5533036096,1.69970754,3.32253749,25709037683592.900
2023-09-28,15100891.18,7135,377,173503.4556,144.4341976,27021.546875,14079002707,1652.88269,6658092168,1.69970754,3.32253749,26328154802503.10
2023-09-29,15114130.88,7139,329,171890.0283,143.5324275,26911.720703,10396435377,1667.943848,5529687537,1.69970754,3.32253749,28358526528649.900
2023-09-30,15115882.1,7160,326,180846.0884,136.5601955,26967.916016,5331172801,1671.161865,3155292192,1.69970754,3.32253749,29344769012619.100
2023-10-01,15146198.93,7159,293,168990.3999,128.8858779,27983.75,9503917434,1733.810425,5054880180,2.08246076,3.1828759,35860932429617.90
2023-10-02,15100440.1,7169,337,171104.0812,141.8391686,27530.785156,19793041322,1663.627563,8420552922,2.08246076,3.1828759,24711144512240.200
2023-10-03,15114084.54,7144,339,162682.5836,140.3212486,27429.978516,11407814187,1656.685669,4742827302,2.08246076,3.1828759,28241155172425.70
2023-10-04,15110260.41,7156,318,166767.7033,137.4508105,27799.394531,11143355314,1647.838135,5127524863,2.08246076,3.1828759,27929153648692.600
2023-10-05,15137553.02,7151,352,170983.1797,133.6590687,27415.912109,11877253670,1611.47644,5403759057,2.08246076,3.1828759,34771254456666.80
2023-10-06,15131964.9,7150,347,167306.3007,138.9572028,27946.597656,13492391599,1645.831543,4941208729,2.08246076,3.1828759,33201636626756.800
2023-10-07,15136149.26,7155,297,175808.2702,139.3161426,27968.839844,6553044316,1634.51123,2578994988,2.08246076,3.1828759,34546913421037.00
2023-10-08,15150488.43,7149,281,176967.0171,129.3052175,27935.089844,7916875290,1633.548584,3315554175,2.08246076,3.1828759,37298265167959.6
2023-10-09,15117546.95,7142,319,178378.3897,139.1177541,27583.677734,12007668568,1579.806641,7020801716,2.08246076,3.1828759,29612740879998.200
2023-10-10,15128752.11,7150,308,184993.1484,140.6923077,27391.019531,9973350678,1567.713013,5254966125,2.08246076,3.1828759,30965454170018.20
2023-10-11,15113261.41,7135,305,186186.3683,140.9709881,26873.320313,13648094333,1566.254761,5416504273,2.08246076,3.1828759,29739126125759.60
2023-10-12,15121319.07,7144,292,160804.0407,140.5471725,26756.798828,9392909295,1539.612427,5003930677,2.08246076,3.1828759,29990036135819.500
2023-10-13,15134954.77,7138,300,154044.0922,141.1166994,26862.375,15165312851,1552.089478,4575141511,2.08246076,3.1828759,33610824478628.40
2023-10-14,15179477.94,7152,310,158238.539,125.6399609,26861.707031,5388116782,1555.256836,2429214718,2.08246076,3.1828759,44725373674726.80
2023-10-15,15165200.1,7154,307,152520.8996,128.7714565,27159.652344,7098201980,1558.069824,2923337883,2.08246076,3.1828759,41367726430292.60
2023-10-16,15106636.72,7166,321,161083.1097,143.4418085,28519.466797,27833876539,1600.534302,8846928526,2.08246076,3.1828759,25633961608682.600
2023-10-17,15107529.45,7150,337,163966.0621,140.1942657,28415.748047,14872527508,1565.439575,5032686973,2.08246076,3.1828759,27787881684851.70
2023-10-18,15104233.12,7143,313,162115.7613,141.4926501,28328.341797,12724128586,1563.749878,4354138855,2.08246076,3.1828759,23898539377741.20
2023-10-19,15097726.96,7147,311,152556.6236,139.629355,28719.806641,14448058195,1567.457031,5035110867,2.08246076,3.1828759,24757471856620.10
2023-10-20,15093181.38,7156,381,154733.2465,152.0292063,29682.949219,21536125230,1604.66687,6747486127,2.08246076,3.1828759,22799726904053.600
2023-10-21,15108055.17,7147,296,167975.9153,138.1558696,29918.412109,11541146996,1629.304443,4212179634,2.08246076,3.1828759,28302436136800.200
2023-10-22,15116366.73,7144,298,165805.4075,137.2651176,29993.896484,10446520040,1663.429932,5248406817,2.08246076,3.1828759,28837532861977.100
2023-10-23,15121871.38,7141,342,160488.8534,148.9390842,33086.234375,38363572311,1765.38269,14362295879,2.08246076,3.1828759,23079027209453.400
2023-10-24,15085159.08,7143,368,150052.3856,153.7621448,33901.527344,44934999645,1784.4375,15888690475,2.08246076,3.1828759,24385340853242.000
2023-10-25,15092079.21,7127,376,151095.1701,151.6988915,34502.820313,25254318008,1787.397583,9439066475,2.08246076,3.1828759,22044469824598.3
2023-10-26,15085047.59,7149,397,146394.8289,152.7177228,34156.648438,19427195376,1804.039307,11196672635,2.08246076,3.1828759,22497924722534.80
2023-10-27,15089519.34,7157,358,158915.167,144.564622,33909.800781,16418032871,1780.045288,7493399771,2.08246076,3.1828759,22903384789168.900
2023-10-28,15086029.67,7145,387,168076.5766,138.7424773,34089.574219,10160330825,1776.618164,4226112731,2.08246076,3.1828759,22885721426988.300
2023-10-29,15098723.3,7141,363,168749.8241,150.0568548,34538.480469,11160323986,1795.546021,4358528382,2.08246076,3.1828759,23078524779869.500
2023-10-30,15103960.93,7139,461,156618.8682,153.342625,34502.363281,17184860315,1810.088623,7534051038,2.08246076,3.1828759,22166035325976.80
2023-10-31,15084950.7,7135,443,159346.2362,152.7128241,34667.78125,15758270810,1816.458984,6477922747,2.08246076,3.1828759,23783045846727.800
2023-11-01,15095141.45,7151,420,158828.6296,154.0176199,35437.253906,22446272005,1847.089722,10628825648,2.09432864,2.78276472,20889921728192.600
2023-11-02,15088724.43,7131,471,156855.5023,146.5910812,34938.242188,20998158544,1800.620972,9004197724,2.09432864,2.78276472,23273344972944.10
2023-11-03,15082928.2,7139,423,168887.1569,154.7379185,34732.324219,17158456701,1832.795166,7622864055,2.09432864,2.78276472,22421053588336.500
2023-11-04,15093498.62,7135,422,187622.7453,142.0997898,35082.195313,9561294264,1857.698608,4845080427,2.09432864,2.78276472,22931973729899.400
2023-11-05,15090140.04,7134,428,187104.8462,145.004065,35049.355469,12412743996,1894.157715,8867152645,2.09432864,2.78276472,21563146108479.000
2023-11-06,15094766.74,7140,462,166015.5398,154.2920168,35037.371094,12693436420,1899.837402,8104122602,2.09432864,2.78276472,20329690314989.300
2023-11-07,15091310.34,7150,501,175214.3253,147.6888112,35443.5625,18834737789,1888.124268,9203228152,2.09432864,2.78276472,24187706136156.80
2023-11-08,15089864.99,7153,502,179359.9178,149.0666853,35655.277344,17295394918,1889.322388,6751627017,2.09432864,2.78276472,20546724847904.100
2023-11-09,15094582.65,7151,400,172209.9137,157.3484827,36693.125,37762672382,2120.561035,24709695029,2.09432864,2.78276472,22421782239160.900
2023-11-10,15094710.39,7153,395,145591.9304,160.2392003,37313.96875,22711265155,2078.289795,14740624457,2.09432864,2.78276472,24524692930077.10
2023-11-11,15105126.97,7143,435,185329.782,155.0727985,37138.050781,13924272142,2052.713867,10228351203,2.09432864,2.78276472,26917159439149.200
2023-11-12,15102264.61,7144,388,186807.4894,148.5853863,37054.519531,11545715999,2045.187012,7951011698,2.09432864,2.78276472,24512257256642.40
2023-11-13,15080891.86,7152,376,147011.1939,152.1641499,36502.355469,19057712790,2055.265381,14322027970,2.09432864,2.78276472,19649697953419.900
2023-11-14,15092482.12,7160,422,171025.349,146.6480447,35537.640625,23857403554,1979.052612,13087862495,2.09432864,2.78276472,22674987477595.100
2023-11-15,15087341.71,7148,386,178160.1027,150.4457191,37880.582031,27365821679,2060.408447,12626326991,2.09432864,2.78276472,21398483257475.600
2023-11-16,15094732.71,7155,330,174450.789,152.7610063,36154.769531,26007385366,1960.881592,14651619483,2.09432864,2.78276472,24696771493694.600
2023-11-17,15098441.6,7149,437,177573.1016,151.7245769,36596.683594,22445028430,1961.280762,11881648738,2.09432864,2.78276472,23405203283794.70
2023-11-18,15096097.59,7114,442,186942.9962,159.4903008,36585.703125,11886022717,1963.285034,8064677046,2.09432864,2.78276472,24607685395186.700
2023-11-19,15101994.98,7139,435,202656.9279,137.7587897,37386.546875,12915986553,2013.204468,7716048818,2.09432864,2.78276472,24443209112671.10
2023-11-20,15106237.51,7147,501,162722.2913,161.1788163,37476.957031,20888209068,2022.239136,12866464824,2.09432864,2.78276472,26457018950798.600
2023-11-21,15100862.75,7143,468,161183.0596,158.1261375,35813.8125,25172163756,1937.066772,13653500841,2.09432864,2.78276472,22661067798887.20
2023-11-22,15099188.33,7142,482,168792.9227,159.899608,37432.339844,24397247860,2064.425293,13372200584,2.09432864,2.78276472,25584286542813.600
2023-11-23,15096452.32,7145,483,187873.9117,157.2202939,37289.621094,14214948217,2062.210693,7828437946,2.09432864,2.78276472,26073081640066.300
2023-11-24,15103844.52,7134,472,200594.9463,149.7631063,37720.28125,22922957823,2081.1521,12141148820,2.09432864,2.78276472,24039008497083.400
2023-11-25,15106588.61,7145,489,232568.6491,137.9442967,37796.792969,9099571165,2084.413086,5362623390,2.09432864,2.78276472,27230529845701.200
2023-11-26,15105615.74,7135,488,222429.9714,138.6983882,37479.121094,13744796068,2063.286133,8054814154,2.09432864,2.78276472,25283984575326.600
2023-11-27,15092786.38,7136,490,170489.2553,150.9688901,37254.167969,19002925720,2027.417358,10574810069,2.09432864,2.78276472,21699794666955.900
2023-11-28,15090935.74,7145,535,164947.4556,161.6537439,37831.085938,21696137014,2049.338135,9910633038,2.09432864,2.78276472,22184114121459.000
2023-11-29,15096626.0,7150,540,160316.8578,161.0944056,37858.492188,20728546658,2029.929199,8945151861,2.09432864,2.78276472,23246973418797.700
2023-11-30,15099820.15,7145,536,152175.4073,156.713366,37712.746094,18115982627,2052.556152,8107789163,2.09432864,2.78276472,24206953672104.300
2023-12-01,15083648.45,7151,482,143112.5252,156.5179695,38688.75,23512784002,2087.139893,10866891430,1.68089907,1.62638336,21376346010281.20
2023-12-02,15100354.16,7157,397,164445.5983,169.0841135,39476.332031,15534035612,2165.704102,9130124831,1.68089907,1.62638336,24901733313552.30
2023-12-03,15109606.7,7130,562,172788.9077,144.5987377,39978.390625,15769696322,2193.69165,8278465782,1.68089907,1.62638336,26814409672716.900
2023-12-04,15095509.71,7150,505,141231.5418,162.0461538,41980.097656,39856129827,2243.21582,16149367134,1.68089907,1.62638336,22103379027592.100
2023-12-05,15101553.63,7140,531,156904.601,167.6703081,44080.648438,36312154535,2293.841797,15383072559,1.68089907,1.62638336,24300852101864.000
2023-12-06,15113775.11,7123,516,189236.0365,158.2178857,43746.445313,29909761586,2231.661377,12790612571,1.68089907,1.62638336,27771798937465.800
2023-12-07,15100233.33,7127,526,150164.5342,162.6948225,43292.664063,27635760671,2357.57959,14766891042,1.68089907,1.62638336,25104531492872.5
2023-12-08,15101575.62,7134,491,179373.7368,165.7506308,44166.601563,24421116687,2358.731934,12543458699,1.68089907,1.62638336,25742200797939.500
2023-12-09,15105119.4,7135,428,196368.7413,157.0504555,43725.984375,17368210171,2341.175293,10613312823,1.68089907,1.62638336,27675504986301.60
2023-12-10,15110775.23,7149,456,160807.4398,157.9376137,43779.699219,13000481418,2352.462646,7369608905,1.68089907,1.62638336,28303228796394.100
2023-12-11,15128408.41,7146,455,198217.6454,152.2057095,41243.832031,40632672038,2224.578857,17989249470,1.68089907,1.62638336,28790564995137.800
2023-12-12,15128318.27,7146,525,226854.3177,150.6670865,41450.222656,24779520132,2202.038086,11391132228,1.68089907,1.62638336,31401254219592.900
2023-12-13,15125576.31,7137,586,241419.8351,151.5362197,42890.742188,26797884674,2260.648682,12576395493,1.68089907,1.62638336,29741542583967.600
2023-12-14,15107480.96,7128,533,219930.1651,162.3563412,43023.972656,25578530178,2316.579102,12608711052,1.68089907,1.62638336,28374532590647.300
2023-12-15,15116924.4,7134,584,197602.6071,162.9130922,41929.757813,19639442462,2219.337402,10259157898,1.68089907,1.62638336,27680373752311.600
2023-12-16,15146093.55,7108,540,243349.9692,148.700197,42240.117188,14386729590,2226.926514,6866555430,1.68089907,1.62638336,36704530531423.30
2023-12-17,15114416.53,7122,548,195340.3658,151.8930076,41364.664063,16678702876,2196.481201,7410453853,1.68089907,1.62638336,28541537824082.800
2023-12-18,15106464.07,7136,593,180633.9518,159.4688901,42623.539063,25224642008,2217.273438,10366536490,1.68089907,1.62638336,24388293562610.200
2023-12-19,15114060.15,7114,589,195440.5284,162.0941805,42270.527344,23171001281,2177.872559,10619179629,1.68089907,1.62638336,29576329921827.2
2023-12-20,15118042.3,7116,617,173457.6932,175.1729904,43652.25,27868908174,2201.911377,12652290807,1.68089907,1.62638336,27635964361476.900
2023-12-21,15082729.45,7144,568,148209.5266,173.8526036,43869.152344,22452766169,2239.54248,12616530536,1.68089907,1.62638336,23141400463118.70
2023-12-22,15089774.24,7131,543,157152.837,169.0803534,43997.902344,21028503216,2326.524902,16137246310,1.68089907,1.62638336,23017965197797.20
2023-12-23,15101663.43,7127,419,163070.2827,157.4195314,43739.542969,13507796558,2309.046387,7995772945,1.68089907,1.62638336,26294950614935.700
2023-12-24,15098764.31,7115,393,151160.4985,160.2826423,43016.117188,18830554085,2265.692139,9450799236,1.68089907,1.62638336,24896050317315.70
2023-12-25,15098251.32,7106,370,147694.5974,155.1778778,43613.140625,21115795370,2272.561768,8036302656,1.68089907,1.62638336,25265027058285.300
2023-12-26,15097491.79,7142,356,168868.4338,156.3213386,42520.402344,30026850982,2231.465332,10668581464,1.68089907,1.62638336,23469981182156.90
2023-12-27,15098499.26,7108,392,173258.3848,160.0569781,43442.855469,25260941032,2378.73999,14161342927,1.68089907,1.62638336,22368197723930.600
2023-12-28,15093559.39,7128,393,150761.9202,166.3170595,42627.855469,22992093014,2347.566162,15660799060,1.68089907,1.62638336,21394919876226.300
2023-12-29,15084782.74,7115,368,154346.0008,156.07435,42099.402344,26000021055,2300.690674,12536968996,1.68089907,1.62638336,22127573048881.600
2023-12-30,15099662.18,7108,351,160442.4802,153.473973,42156.902344,16013925945,2292.06543,6888195427,1.68089907,1.62638336,26827771518282.00
2023-12-31,15107527.12,7137,305,166562.5425,148.7958526,42265.1875,16397498810,2281.471191,6871481744,1.68089907,1.62638336,26764552430949.500
2024-01-01,15112936.19,7107,327,172255.595,154.9831152,44167.332031,18426978443,2352.327881,6906765990,1.68087145,2.50688884,28476018933946.000
2024-01-02,15091081.01,7122,324,175613.3607,158.4747262,44957.96875,39335274536,2355.836426,12910543630,1.68087145,2.50688884,21530308158959.700
2024-01-03,15116626.22,7129,351,162254.0638,153.2080236,42848.175781,46342323118,2210.761963,19332933581,1.68087145,2.50688884,25768133134163.00
2024-01-04,15079714.47,7128,381,159506.5072,156.6460438,44179.921875,30448091210,2269.038086,11044564896,1.68087145,2.50688884,22253012691743.000
2024-01-05,15104974.0,7100,377,203316.2923,150.5988732,44162.691406,32336029347,2268.647217,10860953290,1.68087145,2.50688884,26102093763546.50
2024-01-06,15136215.46,7058,407,272026.9938,140.9672712,43989.195313,16092503468,2241.624756,5970741680,1.68087145,2.50688884,32984845584619.600
2024-01-07,15162247.19,7083,431,264242.0973,148.2184103,43943.097656,19330573863,2222.865967,6490053615,1.68087145,2.50688884,36702297748497.80
2024-01-08,15111899.28,7089,395,207398.9306,151.436733,46970.503906,42746192015,2333.032715,13830287095,1.68087145,2.50688884,30329054231705.30
2024-01-09,15116572.39,7127,357,164297.0678,151.372527,46139.730469,39821290992,2344.827148,14891130716,1.68087145,2.50688884,29392613015055.90
2024-01-10,15131640.65,7140,375,151466.8112,174.6647059,46627.777344,50114613298,2582.103516,29042100476,1.68087145,2.50688884,26993761811341.50
2024-01-11,15084775.73,7126,308,159987.6006,169.69492,46368.585938,45833734549,2619.619141,22575246883,1.68087145,2.50688884,25269227786000.60
2024-01-12,15105663.72,7150,290,164505.386,169.2132867,42853.167969,43332698900,2524.460205,23623839263,1.68087145,2.50688884,26244361630598.30
2024-01-13,15099361.19,7153,288,164479.6936,169.467636,42842.382813,20601860469,2576.5979,12250316867,1.68087145,2.50688884,25190404281912.000
2024-01-14,15106767.44,7158,411,157390.2502,273.9793238,41796.269531,17521429522,2472.241211,9405587417,1.68087145,2.50688884,24799488986778.200
2024-01-15,15108762.91,7159,322,164763.5995,161.2141361,42511.96875,22320220558,2511.36377,9700630000,1.68087145,2.50688884,26313582916890.800
2024-01-16,15096421.11,7166,355,149582.3835,177.1948088,43154.945313,24062872740,2587.691162,11063317095,1.68087145,2.50688884,22532518803015.800
2024-01-17,15115352.58,7143,429,147667.0218,165.3407532,42742.652344,20851232595,2528.369385,10441017520,1.68087145,2.50688884,27955113659873.200
2024-01-18,15094271.42,7153,303,141325.2774,168.3777436,41262.058594,25218357242,2467.018799,11900028080,1.68087145,2.50688884,24111034999775.200
2024-01-19,15088376.83,7163,279,148409.5859,163.8885942,41618.40625,25752407154,2489.498535,11405278376,1.68087145,2.50688884,23600846511580.000
2024-01-20,15107384.46,7166,304,167383.0696,148.2556517,41665.585938,11586690904,2469.589111,5297826161,1.68087145,2.50688884,28082232424187.800
2024-01-21,15115363.0,7072,313,168369.6365,158.2661199,41545.785156,9344043642,2453.913086,4578471955,1.68087145,2.50688884,28987172364975.80
2024-01-22,15113802.35,7084,277,162926.6112,151.9559571,39507.367188,31338708143,2310.826416,13923771728,1.68087145,2.50688884,28317874689438.00
2024-01-23,15113070.29,7117,279,159495.5289,152.227905,39845.550781,29244553045,2240.686035,16182147521,1.68087145,2.50688884,28292275608634.700
2024-01-24,15108633.79,7141,256,171308.8892,151.2573869,40077.074219,22359526178,2233.561768,10134722960,1.68087145,2.50688884,25978883423419.100
2024-01-25,15115880.87,7138,295,154859.2534,164.4243486,39933.808594,18491782013,2217.710205,9302247037,1.68087145,2.50688884,26313089510310.90
2024-01-26,15096859.98,7141,287,159254.9025,164.1721047,41816.871094,25598119893,2267.199707,9975117607,1.68087145,2.50688884,25871799040710.400
2024-01-27,15103124.1,7126,274,158321.7591,161.063149,42120.054688,11422941934,2267.885986,5144367230,1.68087145,2.50688884,26471101424905.40
2024-01-28,15114666.56,7138,275,168391.1271,158.0428692,42035.59375,16858971687,2257.20874,7296214994,1.68087145,2.50688884,28271337132347.800
2024-01-29,15131166.17,7137,277,167905.1282,156.3275886,43288.246094,20668476578,2317.064209,8948195551,1.68087145,2.50688884,28168091726405.70
2024-01-30,15094465.47,7151,282,163606.1772,166.4820305,42952.609375,23842814518,2344.493652,10173440062,1.68087145,2.50688884,23736654338720.70
2024-01-31,15112557.37,7129,302,163250.4557,159.5765184,42582.605469,24673628793,2282.544434,10807883277,1.68087145,2.50688884,27460684515100.500
2024-02-01,15127692.45,7127,295,144260.1103,158.1784762,43075.773438,21423953779,2303.824707,8895583113,1.6168231,2.39577672,31831839229516.000
2024-02-02,15143809.81,7123,271,149793.6914,155.5765829,43185.859375,18603843039,2308.038086,7186143091,1.6168231,2.39577672,37135539659034.50
2024-02-03,15158401.46,7117,304,153626.9864,148.1809751,42992.25,11169245236,2296.03833,4647754021,1.6168231,2.39577672,38257160871179.90
2024-02-04,15161001.89,7111,321,153334.1249,147.609197,42583.582031,14802225490,2289.546143,5438100035,1.6168231,2.39577672,40434423758316.90
2024-02-05,15149806.52,7123,313,161689.073,157.2703917,42658.667969,18715487317,2298.888916,7277068110,1.6168231,2.39577672,36041048361173.900
2024-02-06,15137378.01,7125,345,139481.7613,151.6976842,43084.671875,16798476726,2372.201904,9520885493,1.6168231,2.39577672,32374687521179.300
2024-02-07,15147509.04,7132,392,147374.9429,160.2661245,44318.222656,21126587775,2423.745117,9660628536,1.6168231,2.39577672,33889519966118.70
2024-02-08,15139919.75,7120,455,124363.7058,147.7764045,45301.566406,26154524080,2419.906494,9941841732,1.6168231,2.39577672,29763242791909.60
2024-02-09,15102910.48,7134,477,115653.2072,150.724979,47147.199219,39316770844,2487.515625,13634203177,1.6168231,2.39577672,30382846288142.400
2024-02-10,15153167.45,7122,353,130605.8037,141.9460826,47771.277344,16398681570,2501.228271,6474444159,1.6168231,2.39577672,39829060772078.20
2024-02-11,15164780.13,7120,336,142849.3447,144.2801966,48293.917969,19315867136,2507.570557,7347245813,1.6168231,2.39577672,40795823271477.40
2024-02-12,15183798.15,7135,388,145335.2122,137.9515067,49958.222656,34511985805,2658.115967,13022696866,1.6168231,2.39577672,42055186445250.400
2024-02-13,15156400.41,7128,323,173690.0965,154.6734007,49742.441406,35593051468,2642.185303,18271237044,1.6168231,2.39577672,41786901179181.50
2024-02-14,15165552.07,7119,280,170734.2052,158.7843798,51826.695313,39105608050,2777.902344,21448973822,1.6168231,2.39577672,40391049097450.40
2024-02-15,15134620.68,7130,354,152077.8251,161.8368864,51938.554688,38564360533,2824.378906,23734481937,1.6168231,2.39577672,33208945515266.000
2024-02-16,15129964.27,7130,319,155411.5332,165.3586255,52160.203125,28180567298,2803.691406,17057114638,1.6168231,2.39577672,31890948873575.00
2024-02-17,15156610.76,7113,298,168731.6648,151.6253339,51662.996094,20009091006,2786.672607,17932379943,1.6168231,2.39577672,40323754066993.00
2024-02-18,15165260.31,7096,299,172153.8217,154.0405862,52122.546875,17595377311,2878.998047,23355830478,1.6168231,2.39577672,37902336445227.400
2024-02-19,15135205.56,7109,369,158452.0883,161.3021522,51779.144531,21362184346,2943.574707,15163110589,1.6168231,2.39577672,33915976886073.600
2024-02-20,15144811.44,7138,317,178401.64,161.0753713,52284.875,33353758256,3013.503662,20341598470,1.6168231,2.39577672,34403735993275.800
2024-02-21,15132305.65,7117,376,202663.5422,154.6100885,51839.179688,28624907020,2970.355469,18897136867,1.6168231,2.39577672,32490456636873.10
2024-02-22,15163598.62,7125,394,166916.6613,151.9750175,51304.972656,25413900611,2971.007324,18058908246,1.6168231,2.39577672,34732620385267.800
2024-02-23,15133686.27,7140,323,179666.4251,162.4633053,50731.949219,21427078270,2921.658203,12822717059,1.6168231,2.39577672,39813113799743.9
2024-02-24,15165675.97,7161,272,189942.2528,153.7968161,51571.101563,15174077879,2992.385986,10701688842,1.6168231,2.39577672,41190780322273.90
2024-02-25,15172878.21,7146,301,192390.073,154.2404142,51733.238281,15413239245,3112.697266,14620450464,1.6168231,2.39577672,41595908083271.60
2024-02-26,15153938.83,7140,348,183794.0556,166.3109244,54522.402344,34074411896,3178.993652,17504464351,1.6168231,2.39577672,35411443649089.20
2024-02-27,15157822.82,7150,374,173489.4891,170.5827972,57085.371094,49756832031,3244.519287,21090315368,1.6168231,2.39577672,38638779605526.3
2024-02-28,15147753.01,7145,399,180017.7345,171.7284815,62504.789063,83239156760,3385.703857,32885894265,1.6168231,2.39577672,36332658220482.700
2024-02-29,15152575.64,7142,491,179053.3799,173.124895,61198.382813,65496611844,3341.919678,28469171094,1.6168231,2.39577672,36245782508913.70